"代號","名稱","市場","股價日期","成交","漲跌價","漲跌幅","面值(元)","股本(億)","發行量(萬張)","市值(億)","成立年數","掛牌年數","股票期貨","選擇權","權證","公司債","私募股","特別股","產業別","董事長","總經理"
="0050","元大台灣50","市","11/19","60.05","-0.4","-0.66","","","1,456","8,741","22.4","22.4","有","有","有","","","","國內成分股ETF","劉宗聖","陳沛宇"
="0051","元大中型100","市","11/19","88.45","-0.2","-0.23","","","2.3","20.3","19.2","19.2","","","","","","","國內成分股ETF","劉宗聖","陳沛宇"
="0053","元大電子","市","11/19","131.6","-1.1","-0.83","","","0.5","6.56","18.4","18.3","","","","","","","國內成分股ETF","劉宗聖","陳沛宇"
="0055","元大MSCI金融","市","11/19","30.22","-0.16","-0.53","","","8.07","24.4","18.4","18.3","","","","","","","國內成分股ETF","劉宗聖","陳沛宇"
="0056","元大高股息","市","11/19","34.74","-0.26","-0.74","","","1,392","4,837","17.9","17.9","有","","有","","","","國內成分股ETF","劉宗聖","陳沛宇"
="0057","富邦摩台","市","11/19","175.55","-1.15","-0.65","","","0.15","2.68","17.8","17.7","","","","","","","國內成分股ETF","黃昭棠","呂其倫"
="0061","元大寶滬深","市","11/19","22.25","+0.07","+0.32","","","12.61","28.1","16.3","16.3","","","有","","","","國外成分股ETF","劉宗聖","陳沛宇"
="006203","元大MSCI台灣","市","11/19","109.05","-0.55","-0.5","","","1.02","11.1","14.6","14.5","","","","","","","國內成分股ETF","劉宗聖","陳沛宇"
="006204","永豐臺灣加權","市","11/19","134.6","-1.75","-1.28","","","0.15","2.02","14.2","14.1","","","","","","","國內成分股ETF","陳思寬","濮樂偉"
="006205","富邦上証","市","11/19","38.1","-0.05","-0.13","","","12.14","46.3","14.2","14.2","有","有","有","","","","國外成分股ETF","黃昭棠","呂其倫"
="006206","元大上證50","市","11/19","35.76","+0.12","+0.34","","","3.53","12.6","13.6","13.5","有","有","有","","","","國外成分股ETF","劉宗聖","陳沛宇"
="006207","復華滬深","市","11/19","29.46","0","0","","","2.69","7.92","13.5","13.4","","","","","","","國外成分股ETF","杜俊雄","張偉智"
="006208","富邦台50","市","11/19","137.3","-0.95","-0.69","","","190.6","2,617","13.4","13.3","","","有","","","","國內成分股ETF","黃昭棠","呂其倫"
"00625K","富邦上証+R","市","11/19","8.81","0","0","","","0.03","0.03","9.3","9.28","","","","","","","國外成分股ETF","黃昭棠","呂其倫"
"00631L","元大台灣50正2","市","11/19","310.85","-4.05","-1.29","","","11.16","347","11.1","11.1","","","有","","","","槓桿及反向型ETF","劉宗聖","陳沛宇"
"00632R","元大台灣50反1","市","11/19","17.89","+0.11","+0.62","","","195","349","11.1","11.1","","","有","","","","槓桿及反向型ETF","劉宗聖","陳沛宇"
"00633L","富邦上証正2","市","11/19","49.33","+0.45","+0.92","","","18.65","92","11","11","","","有","","","","槓桿及反向型ETF","黃昭棠","呂其倫"
"00634R","富邦上証反1","市","11/19","3.26","-0.01","-0.31","","","4.73","1.54","11","11","","","","","","","槓桿及反向型ETF","黃昭棠","呂其倫"
"00635U","期元大S&P黃金","市","11/19","44.06","+0.84","+1.94","","","24.85","109","10.6","10.6","","","有","","","","期貨ETF","劉宗聖","陳沛宇"
="00636","國泰中國A50","市","11/19","26.3","+0.13","+0.5","","","15.03","39.5","10.7","10.6","有","有","有","","","","國外成分股ETF","張錫","張雍川"
"00636K","國泰中國A50+U","市","11/19","8.49","+0.07","+0.83","","","0.01","0.01","8.1","8.07","","","","","","","國外成分股ETF","張錫","張雍川"
"00637L","元大滬深300正2","市","11/19","20.2","+0.26","+1.3","","","122.4","247","10.5","10.5","","","有","","","","槓桿及反向型ETF","劉宗聖","陳沛宇"
"00638R","元大滬深300反1","市","11/19","6.91","-0.02","-0.29","","","3.39","2.35","10.5","10.5","","","有","","","","槓桿及反向型ETF","劉宗聖","陳沛宇"
="00639","富邦深100","市","11/19","14.5","-0.03","-0.21","","","15.19","22","10.5","10.5","有","有","有","","","","國外成分股ETF","黃昭棠","呂其倫"
"00640L","富邦日本正2","市","11/19","70.85","-0.4","-0.56","","","1.09","7.74","10.2","10.2","","","有","","","","槓桿及反向型ETF","黃昭棠","呂其倫"
"00641R","富邦日本反1","市","11/19","4.83","+0.01","+0.21","","","6.73","3.25","10.2","10.2","","","有","","","","槓桿及反向型ETF","黃昭棠","呂其倫"
"00642U","期元大S&P石油","市","11/19","15.77","+0.27","+1.74","","","19.73","31.1","10.2","10.2","","","有","","","","期貨ETF","劉宗聖","陳沛宇"
="00643","群益深証中小","市","11/19","15.94","-0.1","-0.62","","","10.16","16.2","10","9.97","有","有","有","","","","國外成分股ETF","賴政昇","陳明輝"
"00643K","群益深証中小+R","市","11/19","3.7","0","0","","","0.01","0","10","9.23","","","","","","","國外成分股ETF","賴政昇","陳明輝"
="00645","富邦日本","市","11/19","45.42","-0.18","-0.39","","","5.05","22.9","10.1","10","","","","","","","國外成分股ETF","黃昭棠","呂其倫"
="00646","元大S&P500","市","11/19","64.65","-0.4","-0.61","","","47.7","308","10","9.94","","","有","","","","國外成分股ETF","劉宗聖","陳沛宇"
"00647L","元大S&P500正2","市","11/19","109.1","-0.9","-0.82","","","0.74","8.09","10","9.94","","","有","","","","槓桿及反向型ETF","劉宗聖","陳沛宇"
"00648R","元大S&P500反1","市","11/19","4.5","+0.02","+0.45","","","17.22","7.75","10","9.94","","","有","","","","槓桿及反向型ETF","劉宗聖","陳沛宇"
"00650L","復華香港正2","市","11/19","17.65","-0.21","-1.18","","","14.48","25.6","9.9","9.81","","","有","","","","槓桿及反向型ETF","杜俊雄","張偉智"
"00651R","復華香港反1","市","11/19","5.33","+0.05","+0.95","","","3.67","1.96","9.9","9.81","","","有","","","","槓桿及反向型ETF","杜俊雄","張偉智"
="00652","富邦印度","市","11/19","37.43","+0.09","+0.24","","","9.55","35.8","9.7","9.65","","","","","","","國外成分股ETF","黃昭棠","呂其倫"
"00653L","富邦印度正2","市","11/19","58.5","+0.25","+0.43","","","1.79","10.5","9.7","9.65","","","","","","","槓桿及反向型ETF","黃昭棠","呂其倫"
"00654R","富邦印度反1","市","11/19","6.23","-0.02","-0.32","","","2.05","1.28","9.7","9.65","","","","","","","槓桿及反向型ETF","黃昭棠","呂其倫"
"00655L","國泰中國A50正2","市","11/19","34.44","+0.41","+1.2","","","9.8","33.7","9.7","9.68","","","有","","","","槓桿及反向型ETF","張錫","張雍川"
"00656R","國泰中國A50反1","市","11/19","6.09","-0.05","-0.81","","","2.04","1.24","9.7","9.68","","","","","","","槓桿及反向型ETF","張錫","張雍川"
="00657","國泰日經225","市","11/19","57.2","-0.55","-0.95","","","0.71","4.05","9.6","9.53","","","","","","","國外成分股ETF","張錫","張雍川"
"00657K","國泰日經225+U","市","11/19","18.37","-0.08","-0.43","","","0","0","8.1","8.07","","","","","","","國外成分股ETF","張錫","張雍川"
="00660","元大歐洲50","市","11/19","39.74","-0.39","-0.97","","","0.75","2.99","9.5","9.43","","","","","","","國外成分股ETF","劉宗聖","陳沛宇"
="00661","元大日經225","市","11/19","62.7","-0.4","-0.63","","","2.54","15.9","9.5","9.43","","","","","","","國外成分股ETF","劉宗聖","陳沛宇"
="00662","富邦NASDAQ","市","11/19","98.1","-0.9","-0.91","","","59.5","584","9.5","9.43","","","","","","","國外成分股ETF","黃昭棠","呂其倫"
"00663L","國泰臺灣加權正2","市","11/19","40.61","-0.54","-1.31","","","10.32","41.9","9.4","9.35","","","有","","","","槓桿及反向型ETF","張錫","張雍川"
"00664R","國泰臺灣加權反1","市","11/19","2.89","+0.01","+0.35","","","74.86","21.6","9.4","9.35","","","有","","","","槓桿及反向型ETF","張錫","張雍川"
"00665L","富邦恒生國企正2","市","11/19","11.25","-0.13","-1.14","","","46.1","51.9","9.3","9.29","","","有","","","","槓桿及反向型ETF","黃昭棠","呂其倫"
"00666R","富邦恒生國企反1","市","11/19","8.71","+0.05","+0.58","","","1.51","1.32","9.3","9.29","","","","","","","槓桿及反向型ETF","黃昭棠","呂其倫"
="00668","國泰美國道瓊","市","11/19","52.35","-0.4","-0.76","","","1.3","6.82","9.1","9.09","","","有","","","","國外成分股ETF","張錫","張雍川"
"00668K","國泰美國道瓊+U","市","11/19","16.8","-0.19","-1.12","","","0","0","8.1","8.07","","","","","","","國外成分股ETF","張錫","張雍川"
"00669R","國泰美國道瓊反1","市","11/19","5.93","+0.02","+0.34","","","22.31","13.2","9.1","9.09","","","有","","","","槓桿及反向型ETF","張錫","張雍川"
"00670L","富邦NASDAQ正2","市","11/19","152.9","-2.7","-1.74","","","7.96","122","8.8","8.74","","","有","","","","槓桿及反向型ETF","黃昭棠","呂其倫"
"00671R","富邦NASDAQ反1","市","11/19","2.96","+0.02","+0.68","","","64.84","19.2","9.8","8.74","","","","","","","槓桿及反向型ETF","黃昭棠","呂其倫"
"00673R","期元大S&P原油反1","市","11/19","27.35","-0.43","-1.55","","","8.96","24.5","9.1","9.12","","","有","","","","槓桿及反向型期貨ETF","劉宗聖","陳沛宇"
"00674R","期元大S&P黃金反1","市","11/19","6.21","-0.13","-2.05","","","8.91","5.53","9.1","9.12","","","有","","","","槓桿及反向型期貨ETF","劉宗聖","陳沛宇"
"00675L","富邦臺灣加權正2","市","11/19","123.45","-1.75","-1.4","","","11.83","146","9.2","9.12","","","","","","","槓桿及反向型ETF","黃昭棠","陳世宗"
"00676R","富邦臺灣加權反1","市","11/19","9.83","+0.05","+0.51","","","12.58","12.4","9.2","9.12","","","有","","","","槓桿及反向型ETF","黃昭棠","呂其倫"
="00678","群益那斯達克生技","市","11/19","34.02","+0.49","+1.46","","","0.84","2.87","8.9","8.84","","","","","","","國外成分股ETF","賴政昇","陳明輝"
"00680L","元大美債20正2","市","11/19","7.44","-0.04","-0.53","","","324.4","241","8.9","8.84","","","有","","","","槓桿及反向型ETF","劉宗聖","陳沛宇"
"00681R","元大美債20反1","市","11/19","20.51","+0.01","+0.05","","","0.76","1.56","8.9","8.84","","","有","","","","槓桿及反向型ETF","劉宗聖","陳沛宇"
"00682U","期元大美元指數","市","11/19","20.45","+0.05","+0.25","","","0.76","1.56","8.7","8.69","","","","","","","期貨ETF","劉宗聖","陳沛宇"
"00683L","期元大美元指正2","市","11/19","21.27","+0.09","+0.42","","","1.39","2.96","8.7","8.69","","","有","","","","槓桿及反向型期貨ETF","劉宗聖","陳沛宇"
"00684R","期元大美元指反1","市","11/19","15.39","-0.04","-0.26","","","0.97","1.49","8.7","8.69","","","有","","","","槓桿及反向型期貨ETF","劉宗聖","陳沛宇"
"00685L","群益臺灣加權正2","市","11/19","110.65","-1.35","-1.21","","","2.46","27.3","8.7","8.64","","","有","","","","槓桿及反向型ETF","賴政昇","陳明輝"
"00686R","群益臺灣加權反1","市","11/19","1.76","+0.01","+0.57","","","14.38","2.53","8.7","8.64","","","","","","","槓桿及反向型ETF","賴政昇","陳明輝"
"00688L","國泰20年美債正2","市","11/19","7.44","-0.04","-0.53","","","140.7","105","8.6","8.6","","","有","","","","槓桿及反向型ETF","張錫","張雍川"
"00689R","國泰20年美債反1","市","11/19","21.26","+0.03","+0.14","","","0.69","1.46","8.6","8.6","","","","","","","槓桿及反向型ETF","張錫","張雍川"
="00690","兆豐藍籌30","市","11/19","40.65","-0.29","-0.71","","","7.78","31.6","8.7","8.64","","","","","","","國內成分股ETF","陳佩君","NA"
="00692","富邦公司治理","市","11/19","53","-0.4","-0.75","","","66.93","355","8.5","8.51","","","","","","","國內成分股ETF","黃昭棠","呂其倫"
"00693U","期街口S&P黃豆","市","11/19","22.12","-0.1","-0.45","","","12.07","26.7","8.6","8.57","","","有","","","","期貨ETF","方詳棋","王皓正"
="00700","富邦恒生國企","市","11/19","18.37","-0.15","-0.81","","","5.75","10.6","8.3","8.31","","","","","","","國外成分股ETF","黃昭棠","呂其倫"
="00701","國泰股利精選30","市","11/19","27.1","-0.1","-0.37","","","22.49","60.9","8.3","8.26","","","","","","","國內成分股ETF","張錫","張雍川"
="00702","國泰標普低波高息","市","11/19","22.82","+0.06","+0.26","","","0.62","1.41","8.3","8.26","","","","","","","國外成分股ETF","張錫","張雍川"
="00703","台新MSCI中國","市","11/19","21.82","-0.36","-1.62","","","1.16","2.52","8.3","8.28","","","","","","","國外成分股ETF","吳光雄","葉柱均"
"00706L","期元大S&P日圓正2","市","11/19","21.02","-0.1","-0.47","","","20.58","43.3","8.2","8.22","","","有","","","","槓桿及反向型期貨ETF","劉宗聖","陳沛宇"
"00707R","期元大S&P日圓反1","市","11/19","30.72","0","0","","","0.59","1.8","8.2","8.22","","","","","","","槓桿及反向型期貨ETF","劉宗聖","陳沛宇"
"00708L","期元大S&P黃金正2","市","11/19","81.65","+2.9","+3.68","","","10.31","84.2","8.2","8.22","","","有","","","","槓桿及反向型期貨ETF","劉宗聖","陳沛宇"
="00709","富邦歐洲","市","11/19","34.39","-0.18","-0.52","","","1.7","5.83","8.3","8.27","","","","","","","國外成分股ETF","黃昭棠","呂其倫"
"00710B","復華彭博非投等債","市","11/19","18.79","0","0","","","20.58","38.7","8.3","8.25","","","","","","","債券ETF","杜俊雄","張偉智"
"00711B","復華彭博新興債","市","11/19","16.44","-0.02","-0.12","","","100.6","165","8.3","8.25","","","","","","","債券ETF","杜俊雄","張偉智"
="00712","復華富時不動產","市","11/19","8.8","+0.01","+0.11","","","504.5","444","8.3","8.25","","","有","","","","固定收益ETF","杜俊雄","張偉智"
="00713","元大台灣高息低波","市","11/19","49.62","-0.26","-0.52","","","271.5","1,347","8.2","8.15","","","","","","","國內成分股ETF","劉宗聖","陳沛宇"
="00714","群益道瓊美國地產","市","11/19","19.88","+0.08","+0.4","","","2.76","5.48","8.1","8.07","","","","","","","固定收益ETF","賴政昇","陳明輝"
"00715L","期街口布蘭特正2","市","11/19","10.72","+0.27","+2.58","","","102","109","8","8.01","","","有","","","","槓桿及反向型期貨ETF","方詳棋","王皓正"
="00717","富邦美國特別股","市","11/19","14.59","-0.03","-0.21","","","15.36","22.4","8","7.97","","","","","","","國外成分股ETF","黃昭棠","呂其倫"
="00728","第一金工業30","市","11/19","34.84","-0.21","-0.6","","","4.64","16.2","7.6","7.59","","","","","","","國內成分股ETF","尤昭文","廖文偉"
="00730","富邦臺灣優質高息","市","11/19","21.76","+0.18","+0.83","","","7.85","17.1","7.8","7.78","","","","","","","國內成分股ETF","黃昭棠","呂其倫"
="00731","復華富時高息低波","市","11/19","65.5","-0.05","-0.08","","","4.21","27.6","7.6","7.59","","","","","","","國內成分股ETF","杜俊雄","張偉智"
="00733","富邦臺灣中小","市","11/19","43.74","-0.32","-0.73","","","14.75","64.5","7.5","7.51","","","","","","","國內成分股ETF","黃昭棠","陳世宗"
="00735","國泰臺韓科技","市","11/19","46.41","-0.54","-1.15","","","0.98","4.54","7.5","7.44","","","","","","","國外成分股ETF","張錫","張雍川"
="00736","國泰新興市場","市","11/19","27.06","-0.06","-0.22","","","0.57","1.55","7.5","7.44","","","","","","","國外成分股ETF","張錫","張雍川"
="00737","國泰AI機器人","市","11/19","34.06","-0.33","-0.96","","","2.3","7.85","7.5","7.44","","","","","","","國外成分股ETF","張錫","張雍川"
"00738U","期元大道瓊白銀","市","11/19","42.41","+1.23","+2.99","","","14.83","62.9","7.5","7.47","","","有","","","","期貨ETF","劉宗聖","陳沛宇"
="00739","元大MSCI A股","市","11/19","25.45","+0.01","+0.04","","","2.95","7.5","7.4","7.4","","","","","","","國外成分股ETF","劉宗聖","陳沛宇"
="00752","中信中國50","市","11/19","26.45","-0.26","-0.97","","","30.37","80.3","7.1","7.06","","","有","","","","國外成分股ETF","陳金榮","陳正華"
"00753L","中信中國50正2","市","11/19","12.72","-0.19","-1.47","","","71.67","91.2","7.1","7.06","","","有","","","","槓桿及反向型ETF","陳金榮","陳正華"
="00757","統一FANG+","市","11/19","118.2","-1.25","-1.05","","","35.65","421","7","6.96","有","","有","","","","國外成分股ETF","鄧潤澤","董永寬"
="00762","元大全球AI","市","11/19","81.4","-0.85","-1.03","","","5.97","48.6","6.8","6.83","","","","","","","國外成分股ETF","劉宗聖","陳沛宇"
"00763U","期街口道瓊銅","市","11/19","27.71","+0.13","+0.47","","","4.56","12.6","6.9","6.92","","","有","","","","期貨ETF","方詳棋","王皓正"
="00770","國泰北美科技","市","11/19","54.85","-0.5","-0.9","","","7.9","43.3","6.8","6.81","","","","","","","國外成分股ETF","張錫","張雍川"
="00771","元大US高息特別股","市","11/19","16.08","-0.03","-0.19","","","1.52","2.45","6.6","6.52","","","","","","","國外成分股ETF","劉宗聖","陳沛宇"
"00775B","新光投等債15+","市","11/19","32.61","0","0","","","23.26","75.9","6.8","6.76","","","","","","","債券ETF","劉坤錫","陳文雄"
="00783","富邦中証500","市","11/19","23.93","-0.13","-0.54","","","1.05","2.52","6.7","6.65","","","","","","","國外成分股ETF","黃昭棠","呂其倫"
="00830","國泰費城半導體","市","11/19","52.75","-0.8","-1.49","","","50.65","267","6.6","6.55","","","有","","","","國外成分股ETF","張錫","張雍川"
="00850","元大臺灣ESG永續","市","11/19","52","-0.3","-0.57","","","46.14","240","6.3","6.24","","","","","","","國內成分股ETF","劉宗聖","陳沛宇"
="00851","台新全球AI","市","11/19","53.5","-1.1","-2.01","","","0.65","3.49","6.3","6.27","","","","","","","國外成分股ETF","吳光雄","葉柱均"
"00852L","國泰美國道瓊正2","市","11/19","28.12","-0.47","-1.64","","","0.89","2.49","6.3","6.25","","","有","","","","槓桿及反向型ETF","張錫","張雍川"
="00861","元大全球未來通訊","市","11/19","51.5","-0.45","-0.87","","","7.79","40.1","6","6","","","","","","","國外成分股ETF","劉宗聖","陳沛宇"
"00865B","國泰US短期公債","市","11/19","46.62","+0.04","+0.09","","","12.92","60.3","6","5.99","","","","","","","債券ETF","張錫","張雍川"
="00875","國泰網路資安","市","11/19","38.32","-0.24","-0.62","","","1.5","5.74","5.7","5.64","","","","","","","國外成分股ETF","張錫","張雍川"
="00876","元大全球5G","市","11/19","46.14","-0.63","-1.35","","","8.15","37.6","5.4","5.37","","","","","","","國外成分股ETF","劉宗聖","陳沛宇"
="00878","國泰永續高股息","市","11/19","20.26","-0.09","-0.44","","","2,132","4,320","5.4","5.34","有","","有","","","","國內成分股ETF","張錫","張雍川"
="00881","國泰台灣科技龍頭","市","11/19","29.7","-0.23","-0.77","","","235","698","5","4.94","","","","","","","國內成分股ETF","張錫","張雍川"
="00882","中信中國高股息","市","11/19","15.29","-0.01","-0.07","","","239.3","366","4.8","4.79","","","有","","","","國外成分股ETF","陳金榮","陳正華"
="00885","富邦越南","市","11/19","16.38","-0.01","-0.06","","","86.52","142","4.6","4.59","有","","有","","","","國外成分股ETF","黃昭棠","呂其倫"
="00891","中信關鍵半導體","市","11/19","17.75","-0.22","-1.22","","","123.1","219","4.5","4.48","","","","","","","國內成分股ETF","陳金榮","陳正華"
="00892","富邦台灣半導體","市","11/19","19.68","-0.26","-1.3","","","25.38","49.9","4.5","4.45","","","有","","","","國內成分股ETF","黃昭棠","呂其倫"
="00893","國泰智能電動車","市","11/19","31","-0.48","-1.52","","","42.09","130","4.4","4.39","有","","","","","","國外成分股ETF","張錫","張雍川"
="00894","中信小資高價30","市","11/19","25.05","-0.3","-1.18","","","12.85","32.2","4.3","4.27","","","","","","","國內成分股ETF","陳金榮","陳正華"
="00895","富邦未來車","市","11/19","36.84","-0.43","-1.15","","","17.49","64.4","4.3","4.27","","","有","","","","國外成分股ETF","黃昭棠","呂其倫"
="00896","中信綠能及電動車","市","11/19","18.65","-0.13","-0.69","","","22.19","41.4","4.2","4.18","","","","","","","國內成分股ETF","陳金榮","陳正華"
="00897","富邦基因免疫生技","市","11/19","8.56","+0.07","+0.82","","","18.6","15.9","4.2","4.13","","","","","","","國外成分股ETF","黃昭棠","呂其倫"
="00898","國泰基因免疫革命","市","11/19","7.43","+0.05","+0.68","","","19.6","14.6","4","3.99","","","","","","","國外成分股ETF","張錫","張雍川"
="00899","FT潔淨能源","市","11/19","19.73","-0.29","-1.45","","","2.21","4.37","3.9","3.83","","","","","","","國外成分股ETF","黃書明","王亞立"
="00900","富邦特選高股息30","市","11/19","12.92","-0.08","-0.62","","","273.5","353","3.9","3.91","","","","","","","國內成分股ETF","黃昭棠","呂其倫"
="00901","永豐智能車供應鏈","市","11/19","25.53","-0.38","-1.47","","","7.68","19.6","4","3.93","","","","","","","國內成分股ETF","陳思寬","濮樂偉"
="00902","中信電池及儲能","市","11/19","13.19","+0.03","+0.23","","","37.6","49.6","3.8","3.82","","","","","","","國外成分股ETF","陳金榮","陳正華"
="00903","富邦元宇宙","市","11/19","16.77","-0.2","-1.18","","","7.17","12","3.8","3.82","","","","","","","國外成分股ETF","黃昭棠","呂其倫"
="00904","新光臺灣半導體30","市","11/19","20.52","-0.24","-1.16","","","13.96","28.6","3.7","3.71","","","","","","","國內成分股ETF","劉坤錫","陳文雄"
="00905","FT臺灣Smart","市","11/19","16.07","-0.07","-0.43","","","38.38","61.7","3.6","3.58","","","","","","","國內成分股ETF","黃書明","王亞立"
="00907","永豐優息存股","市","11/19","15","+0.01","+0.07","","","20.61","30.9","3.5","3.49","","","","","","","國內成分股ETF","陳思寬","濮樂偉"
="00908","富邦入息REITs+","市","11/19","13.56","+0.06","+0.44","","","4.24","5.75","3.5","3.5","","","","","","","固定收益ETF","黃昭棠","呂其倫"
="00909","國泰數位支付服務","市","11/19","39.29","+0.42","+1.08","","","20.52","80.6","3.4","3.36","","","","","","","國外成分股ETF","張錫","張雍川"
="00910","第一金太空衛星","市","11/19","37.5","+0.35","+0.94","","","7.29","27.4","3.4","3.34","","","","","","","國外成分股ETF","尤昭文","廖文偉"
="00911","兆豐洲際半導體","市","11/19","30.07","-0.42","-1.38","","","1.94","5.83","3.4","3.4","","","","","","","國外成分股ETF","陳佩君","NA"
="00912","中信臺灣智慧50","市","11/19","19.97","-0.14","-0.7","","","5.73","11.4","3.4","3.39","","","","","","","國內成分股ETF","陳金榮","陳正華"
="00913","兆豐台灣晶圓製造","市","11/19","22.3","-0.32","-1.41","","","1.08","2.4","3.3","3.29","","","","","","","國內成分股ETF","陳佩君","NA"
="00915","凱基優選高股息30","市","11/19","21.6","-0.07","-0.32","","","111.2","240","3.3","3.28","","","","","","","國內成分股ETF","丁紹曾","張慈恩"
="00916","國泰全球品牌50","市","11/19","26.12","-0.21","-0.8","","","7.04","18.4","3.2","3.15","","","","","","","國外成分股ETF","張錫","張雍川"
="00917","中信特選金融","市","11/19","23.18","-0.08","-0.34","","","2.65","6.14","3.3","3.24","","","","","","","國外成分股ETF","陳金榮","陳正華"
="00918","大華優利高填息30","市","11/19","21.82","-0.05","-0.23","","","352.5","769","3","2.99","","","","","","","國內成分股ETF","張文傑","王政修"
="00919","群益台灣精選高息","市","11/19","21.16","-0.08","-0.38","","","1,874","3,964","3.1","3.09","有","","有","","","","國內成分股ETF","賴政昇","陳明輝"
="00920","富邦ESG綠色電力","市","11/19","17.63","-0.23","-1.29","","","1.18","2.08","3.1","3.09","","","","","","","國外成分股ETF","黃昭棠","呂其倫"
="00921","兆豐龍頭等權重","市","11/19","16.87","-0.07","-0.41","","","10.28","17.3","2.9","2.85","","","","","","","國內成分股ETF","陳佩君","NA"
="00922","國泰台灣領袖50","市","11/19","23.8","-0.2","-0.83","","","161.8","385","2.7","2.65","","","","","","","國內成分股ETF","張錫","張雍川"
="00923","群益台ESG低碳50","市","11/19","23.91","-0.12","-0.5","","","80.19","192","2.7","2.7","有","","","","","","國內成分股ETF","賴政昇","陳明輝"
="00924","復華S&P500成長","市","11/19","27.79","-0.21","-0.75","","","47.86","133","2.6","2.57","","","","","","","國外成分股ETF","杜俊雄","張偉智"
="00926","凱基全球菁英55","市","11/19","23.27","-0.15","-0.64","","","8.05","18.7","2.5","2.47","","","","","","","國外成分股ETF","丁紹曾","張慈恩"
="00927","群益半導體收益","市","11/19","19.72","-0.3","-1.5","","","49.34","97.3","2.5","2.46","","","","","","","國內成分股ETF","賴政昇","陳明輝"
="00929","復華台灣科技優息","市","11/19","17.36","-0.08","-0.46","","","738.4","1,282","2.5","2.45","有","","有","","","","國內成分股ETF","杜俊雄","張偉智"
="00930","永豐ESG低碳高息","市","11/19","16.78","-0.07","-0.42","","","28.53","47.9","2.4","2.36","","","","","","","國內成分股ETF","陳思寬","濮樂偉"
="00932","兆豐永續高息等權","市","11/19","13.83","-0.07","-0.5","","","25.93","35.9","2.2","2.22","","","","","","","國內成分股ETF","陳佩君","NA"
="00934","中信成長高股息","市","11/19","19.96","-0.15","-0.75","","","49.75","99.3","2.1","2.05","","","","","","","國內成分股ETF","陳金榮","陳正華"
="00935","野村臺灣新科技50","市","11/19","27.03","-0.21","-0.77","","","41.35","112","2.1","2.05","","","","","","","國內成分股ETF","毛昱文","黃宏治"
="00936","台新永續高息中小","市","11/19","15.17","-0.06","-0.39","","","63.08","95.7","2.1","2.03","","","","","","","國內成分股ETF","吳光雄","葉柱均"
="00938","凱基優選30","市","11/19","16.05","-0.08","-0.5","","","9.6","15.4","1.1","1.08","","","","","","","國內成分股ETF","丁紹曾","張慈恩"
="00939","統一台灣高息動能","市","11/19","13.6","-0.05","-0.37","","","215.2","293","1.7","1.67","","","","","","","國內成分股ETF","鄧潤澤","董永寬"
="00940","元大台灣價值高息","市","11/19","9.06","-0.06","-0.66","","","1,099","996","1.7","1.64","有","","","","","","國內成分股ETF","劉宗聖","陳沛宇"
="00941","中信上游半導體","市","11/19","15.91","-0.31","-1.91","","","59.68","94.9","1.7","1.68","","","","","","","國外成分股ETF","陳金榮","陳正華"
="00943","兆豐電子高息等權","市","11/19","14.03","-0.12","-0.85","","","5.29","7.42","1.5","1.5","","","","","","","國內成分股ETF","陳佩君","NA"
="00944","野村趨勢動能高息","市","11/19","13.78","-0.05","-0.36","","","11.91","16.4","1.6","1.53","","","","","","","國內成分股ETF","毛昱文","黃宏治"
"00945B","凱基美國非投等債","市","11/19","14.3","+0.02","+0.14","","","96.33","138","1.6","1.55","","","","","","","債券ETF","丁紹曾","張慈恩"
="00946","群益科技高息成長","市","11/19","9.66","-0.03","-0.31","","","69.77","67.4","1.6","1.53","","","","","","","國內成分股ETF","賴政昇","陳明輝"
="00947","台新臺灣IC設計","市","11/19","16.84","-0.23","-1.35","","","11.39","19.2","1.5","1.44","","","","","","","國內成分股ETF","吳光雄","葉柱均"
="00949","復華日本龍頭","市","11/19","17.74","-0.11","-0.62","","","21.54","38.2","1.4","1.39","","","","","","","國外成分股ETF","杜俊雄","張偉智"
="00951","台新日本半導體","市","11/19","10.36","-0.24","-2.26","","","19.2","19.9","1.3","1.32","","","","","","","國外成分股ETF","吳光雄","葉柱均"
="00952","凱基台灣AI50","市","11/19","11.27","-0.11","-0.97","","","24.88","28","1.2","1.21","","","","","","","國內成分股ETF","丁紹曾","張慈恩"
"00953B","群益優選非投等債","市","11/19","9.57","0","0","","","401.8","384","1.3","1.25","","","","","","","債券ETF","賴政昇","陳明輝"
="00954","中信日本半導體","市","11/19","11.03","-0.28","-2.48","","","6.97","7.69","1.3","1.25","","","","","","","國外成分股ETF","陳金榮","陳正華"
="00956","中信日經高股息","市","11/19","10.63","-0.02","-0.19","","","2.96","3.15","1.3","1.25","","","","","","","國外成分股ETF","陳金榮","陳正華"
="00960","野村全球航運龍頭","市","11/19","13.95","0","0","","","15.15","21.1","1.2","1.17","","","","","","","國外成分股ETF","毛昱文","黃宏治"
="00961","FT臺灣永續高息","市","11/19","9.28","-0.07","-0.75","","","26.85","24.9","1.1","1.1","","","","","","","國內成分股ETF","黃書明","王亞立"
="00962","台新AI優息動能","市","11/19","10.51","-0.09","-0.85","","","6.29","6.61","1","0.96","","","","","","","國內成分股ETF","吳光雄","葉柱均"
="00963","中信全球高股息","市","11/19","10.9","0","0","","","9.44","10.3","1","1.02","","","","","","","國外成分股ETF","陳金榮","陳正華"
="00964","中信亞太高股息","市","11/19","11.36","-0.04","-0.35","","","1.76","2","1","1.02","","","","","","","國外成分股ETF","陳金榮","陳正華"
="00965","元大航太防衛科技","市","11/19","22.07","-0.29","-1.3","","","80.5","178","1","0.98","","","","","","","國外成分股ETF","劉宗聖","陳沛宇"
="00971","野村美國研發龍頭","市","11/19","16.51","-0.09","-0.54","","","8.77","14.5","0.9","0.86","","","","","","","國外成分股ETF","毛昱文","黃宏治"
="00972","野村日本動能高息","市","11/19","16.95","+0.07","+0.41","","","2.42","4.1","0.9","0.86","","","","","","","國外成分股ETF","毛昱文","黃宏治"
="009800","中信NASDAQ","市","11/19","10.61","-0.11","-1.03","","","31.54","33.5","0.8","0.77","","","","","","","國外成分股ETF","陳金榮","陳正華"
="009801","中信美國創新科技","市","11/19","10.83","-0.11","-1.01","","","18.71","20.3","0.8","0.77","","","","","","","國外成分股ETF","陳金榮","陳正華"
="009802","富邦旗艦50","市","11/19","10.26","-0.07","-0.68","","","66.75","68.5","0.7","0.67","","","","","","","國內成分股ETF","黃昭棠","呂其倫"
="009803","保德信市值動能50","市","11/19","12.12","-0.08","-0.66","","","10.38","12.6","0.7","0.69","","","","","","","國內成分股ETF","陳茂欽","梅以德"
="009804","聯邦台精彩50","市","11/19","13.54","-0.09","-0.66","","","11.39","15.4","0.6","0.6","","","","","","","國內成分股ETF","涂洪茂","莊雅晴"
="009805","新光美國電力基建","市","11/19","12.33","-0.04","-0.32","","","32.88","40.5","0.6","0.52","","","","","","","國外成分股ETF","劉坤錫","陳文雄"
="009808","華南永昌優選50","市","11/19","18.59","-0.07","-0.38","","","5.5","10.2","0.5","0.51","","","","","","","國內成分股ETF","葉兆枝","吳嘉欽"
="009809","富邦淨零ESG50","市","11/19","9.89","-0.06","-0.6","","","8.64","8.54","0.1","0.1","","","","","","","國內成分股ETF","黃昭棠","呂其倫"
"00980A","主動野村臺灣優選","市","11/19","13.77","-0.06","-0.43","","","58.42","80.4","0.6","0.54","","","","","","","主動式國內成分股ETF","毛昱文","黃宏治"
="009810","保德信全球藍籌","市","11/19","17.76","-0.16","-0.89","","","2.62","4.64","0.4","0.35","","","","","","","國外成分股ETF","陳茂欽","梅以德"
="009811","統一美國50","市","11/19","11.29","-0.11","-0.96","","","43.9","49.6","0.3","0.31","","","","","","","國外成分股ETF","鄧潤澤","董永寬"
="009812","野村日本東證","市","11/19","10.19","-0.03","-0.29","","","10.44","10.6","0.2","0.17","","","","","","","國外成分股ETF","毛昱文","黃宏治"
="009813","貝萊德標普卓越50","市","11/19","10.16","-0.08","-0.78","","","69.48","70.6","0.1","0.08","","","","","","","國外成分股ETF","謝宛芝","佘曉光"
"00981A","主動統一台股增長","市","11/19","15","-0.03","-0.2","","","201.2","302","0.5","0.48","","","","","","","主動式國內成分股ETF","鄧潤澤","董永寬"
"00981T","平衡凱基雙核收息","市","11/19","10.21","-0.02","-0.2","","","14.63","14.9","0.2","0.16","","","","","","","多資產ETF","丁紹曾","張慈恩"
"00982A","主動群益台灣強棒","市","11/19","13.13","-0.04","-0.3","","","186.8","245","0.5","0.5","","","","","","","主動式國內成分股ETF","賴政昇","陳明輝"
"00982D","主動富邦動態入息","市","11/19","10.05","+0.01","+0.1","","","12.22","12.3","0.1","0.1","","","","","","","主動式債券ETF","黃昭棠","呂其倫"
"00983A","主動中信ARK創新","市","11/19","11.48","-0.04","-0.35","","","31.77","36.5","0.4","0.42","","","","","","","主動式國外成分股ETF","陳金榮","陳正華"
"00983D","主動富邦複合收益","市","11/19","10.13","+0.02","+0.2","","","11.47","11.6","0.1","0.1","","","","","","","主動式債券ETF","黃昭棠","呂其倫"
"00984A","主動安聯台灣高息","市","11/19","10.2","-0.06","-0.58","","","30.5","31.1","0.4","0.35","","","","","","","主動式國內成分股ETF","段嘉薇","陳彥婷"
"00985A","主動野村台灣50","市","11/19","12.19","-0.12","-0.97","","","45.88","55.9","0.4","0.33","","","","","","","主動式國內成分股ETF","毛昱文","黃宏治"
"00985B","群益ESG投等債0-5","市","11/19","10.21","+0.01","+0.1","","","51.4","52.5","0.2","0.19","","","","","","","債券ETF","賴政昇","陳明輝"
"00986A","主動台新龍頭成長","市","11/19","10.87","-0.11","-1","","","8.33","9.06","0.3","0.23","","","","","","","主動式國外成分股ETF","吳光雄","葉柱均"
"00988A","主動統一全球創新","市","11/19","9.54","-0.1","-1.04","","","86.99","83","0.1","0.04","","","","","","","主動式國外成分股ETF","鄧潤澤","董永寬"
"00989A","主動摩根美國科技","市","11/19","14.54","-0.12","-0.82","","","15.01","21.8","0.1","0.08","","","","","","","主動式國外成分股ETF","唐德瑜","潘怡如"
"01001T","土銀富邦R1","市","11/19","11.9","-0.09","-0.75","","","","","","20.7","","","","","","","不動產投資信託證券","",""
"01002T","土銀國泰R1","市","11/19","14.25","-0.01","-0.07","","","","","","20.1","","","","","","","不動產投資信託證券","",""
"01004T","土銀富邦R2","市","11/19","10.99","0","0","","","","","","19.6","","","","","","","不動產投資信託證券","",""
"01007T","兆豐國泰R2","市","11/19","13.67","-0.14","-1.01","","","","","","19.1","","","","","","","不動產投資信託證券","",""
"01009T","王道圓滿R1","市","11/19","7.02","+0.02","+0.29","","","","","","7.42","","","","","","","不動產投資信託證券","",""
"01010T","京城樂富R1","市","11/19","10.03","+0.01","+0.1","","","","","","6.96","","","","","","","不動產投資信託證券","",""
="020000","富邦特選蘋果N","市","11/19","16.36","0","0","","","","","6.6","6.56","","","","","","","ETN","",""
="020011","統一微波高息20N","市","11/19","10.28","0","0","","","","","6","5.97","","","","","","","ETN","",""
="020012","富邦行動通訊N","市","11/19","12.25","0","0","","","","","5.9","5.92","","","","","","","ETN","",""
"02001L","富邦蘋果正二N","市","11/19","42.93","-1","-2.28","","","","","5.6","5.6","","","","","","","ETN","",""
"02001R","富邦蘋果反一N","市","11/19","0.95","+0.01","+1.06","","","","","5.6","5.6","","","","","","","ETN","",""
"02001S","策元大加權策略N","市","11/19","8.79","-0.06","-0.68","","","","","3","2.96","","","","","","","ETN","",""
="020020","元大台股領航N","市","11/19","14.25","-0.16","-1.11","","","","","5","5.05","","","","","","","ETN","",""
="020028","元大特選電動車N","市","11/19","12.41","-0.05","-0.4","","","","","4.1","4.15","","","","","","","ETN","",""
="020029","元大ESG高股息N","市","11/19","8.92","-0.08","-0.89","","","","","4.1","4.05","","","","","","","ETN","",""
="020030","統一智慧電動車N","市","11/19","8.02","-0.04","-0.5","","","","","4","3.98","","","","","","","ETN","",""
="020031","統一IC設計臺灣N","市","11/19","5.8","-0.09","-1.53","","","","","3.6","3.64","","","","","","","ETN","",""
="020032","元大綠能N","市","11/19","7.63","+0.07","+0.93","","","","","3.6","3.57","","","","","","","ETN","",""
="020034","元大IC設計N","市","11/19","6.95","-0.17","-2.39","","","","","3.5","3.47","","","","","","","ETN","",""
="020036","元大金融配息N","市","11/19","6.83","0","0","","","","","2.6","2.6","","","","","","","ETN","",""
="020037","元大金融高股息N","市","11/19","7.62","+0.01","+0.13","","","","","2.6","2.6","","","","","","","ETN","",""
="020038","元大ESG配息N","市","11/19","7.42","-0.08","-1.07","","","","","2.4","2.38","","","","","","","ETN","",""
="020039","元大加權N","市","11/19","8.37","-0.07","-0.83","","","","","2.1","2.1","","","","","","","ETN","",""
="1101","台泥","市","11/19","20.4","-0.45","-2.16","10","775","755.1","1,540","74.9","63.8","有","有","有","有","","有","水泥工業","張安平","程耀輝"
"1101B","台泥乙特","市","11/19","45.65","0","0","","","20","91.3","","6.81","","","","","","","水泥工業","",""
="1102","亞泥","市","11/19","37.55","+0.4","+1.08","10","355","354.7","1,332","68.7","63.5","有","","有","有","","","水泥工業","徐旭東","李坤炎"
="1103","嘉泥","市","11/19","13.3","-0.05","-0.37","10","79","79.02","105","70.9","56","","","","","","","水泥工業","張剛綸","王立心"
="1104","環泥","市","11/19","29.75","+0.05","+0.17","10","68.7","68.67","204","65.7","54.8","","","","","","","水泥工業","博智投資股份有限公司","侯智升"
="1108","幸福","市","11/19","14.9","-0.05","-0.33","10","40.5","40.47","60.3","51.5","35.5","","","","","","","水泥工業","陳韻如","陳明賢"
="1109","信大","市","11/19","15.35","-0.2","-1.29","10","34.1","34.12","52.4","61.7","34","","","","","","","水泥工業","楊智雄","楊大寬"
="1110","東泥","市","11/19","16.15","-0.35","-2.12","10","57.2","57.2","92.4","68.9","31.1","","","","","","","水泥工業","陳敏斷","吳炎輝"
="1201","味全","市","11/19","14.8","-0.1","-0.67","10","50.6","50.61","74.9","72.2","63.8","","","","","","","食品工業","徐文芳","滕以勇"
="1203","味王","市","11/19","39.5","0","0","10","24","24","94.8","66.4","61.2","","","","","","","食品工業","陳清福","陳恭平"
="1210","大成","市","11/19","51","-0.8","-1.54","10","89.5","89.48","456","64.9","47.5","有","","有","","","","食品工業","韓家宇","韓芳豪"
="1213","大飲","市","11/19","10","-0.1","-0.99","10","5.66","5.66","5.66","60.3","44.6","","","","","","","食品工業","蘇芸樂","洪松輝"
="1215","卜蜂","市","11/19","134.5","-1.5","-1.1","10","29.5","29.48","396","48.2","38.3","","","有","","","","食品工業","鄭武樾","許瑞通"
="1216","統一","市","11/19","74.8","-0.2","-0.27","10","568","568.2","4,250","58.2","37.9","有","有","有","有","","","食品工業","羅智先","郭慶峰"
="1217","愛之味","市","11/19","10.1","-0.05","-0.49","10","49.5","49.45","49.9","54.4","36.1","","","","","","","食品工業","陳冠翰","陳冠豪"
="1218","泰山","市","11/19","17.95","-0.1","-0.55","10","50","50","89.7","75.1","36","","","","","","","食品工業","劉偉龍","沈怡君"
="1219","福壽","市","11/19","13.5","-0.1","-0.74","10","34.1","34.12","46.1","70.8","35","","","","","","","食品工業","洪堯昆","趙文強"
="1220","台榮","市","11/19","12.4","-0.2","-1.59","10","17.7","17.71","22","56.7","34","","","","","","","食品工業","倍安利投資有限公司","陳英凱"
="1225","福懋油","市","11/19","30.25","+0.3","+1","10","24.2","24.23","73.3","39.6","32.1","","","","","","","食品工業","興泰實業股份有限公司(代表人楊淑樺)","張志賓"
="1227","佳格","市","11/19","30.2","0","0","10","91.5","91.51","276","39.5","31.6","","","","","","","食品工業","曹德風","邱子權"
="1229","聯華","市","11/19","46.55","-0.3","-0.64","10","180","179.6","836","70.3","49.3","","","","有","","","食品工業","苗豐強","林信宏"
="1231","聯華食","市","11/19","93.2","-0.7","-0.75","10","29.8","29.85","278","55.4","30.1","","","","","","","食品工業","李開源","扶兆民"
="1232","大統益","市","11/19","143","0","0","10","16","16","229","43.5","29.8","","","","","","","食品工業","羅智先","陳昭良"
="1233","天仁","市","11/19","30.75","+0.05","+0.16","10","9.06","9.06","27.9","49.9","28.7","","","","","","","食品工業","李建德","陳中智"
="1234","黑松","市","11/19","37.15","-0.05","-0.13","10","40.2","40.19","149","55.9","26.7","","","","","","","食品工業","張斌堂","張智鈞"
="1235","興泰","市","11/19","48.15","+0.65","+1.37","10","18.9","18.86","90.8","53","25.2","","","","","","","食品工業","昇鋒投資股份有限公司(代表人楊淑樺)","葉文籐"
="1236","宏亞","市","11/19","24.2","+0.35","+1.47","10","8.67","8.67","21","49.4","27.5","","","","","","","食品工業","張云綺","張云綺"
="1256","鮮活果汁-KY","市","11/19","139","-2.5","-1.77","10","3.58","3.58","49.7","15.9","13.2","","","","","","","食品工業","黃國晃","吳明憲"
="1301","台塑","市","11/19","40.05","-1.45","-3.49","10","637","636.6","2,549","71","61.3","有","有","有","有","","","塑膠工業","郭文筆","郭文筆"
="1303","南亞","市","11/19","53.8","-3.5","-6.11","10","793","793.1","4,267","67.2","58","有","有","有","有","","","塑膠工業","吳嘉昭","鄒明仁"
="1304","台聚","市","11/19","10.2","-0.5","-4.67","10","119","118.9","121","60.5","53.5","","","有","有","","","塑膠工業","吳亦圭","吳培基"
="1305","華夏","市","11/19","10.6","-0.5","-4.5","10","58.1","58.11","61.6","61.6","52.7","","","","","","","塑膠工業","吳亦圭","胡吉宏"
="1307","三芳","市","11/19","32.65","+0.45","+1.4","10","39.8","39.78","130","52.4","40","","","有","","","","塑膠工業","林孟經","林至逸"
="1308","亞聚","市","11/19","12.4","-0.3","-2.36","10","59.4","59.37","73.6","48.8","39.4","","","","","","","塑膠工業","吳亦圭","吳培基"
="1309","台達化","市","11/19","10.7","-0.3","-2.73","10","39.8","39.76","42.5","65.6","39.4","","","","","","","塑膠工業","吳亦圭","吳培基"
="1310","台苯","市","11/19","8.5","-0.24","-2.75","10","52.8","52.79","44.9","46","38.3","","","","","","","塑膠工業","林文淵","仲崇國"
="1312","國喬","市","11/19","10.2","-0.2","-1.92","10","113","110.7","113","52.2","36.9","有","","有","","","有","塑膠工業","邱德馨","曾嘉雄"
"1312A","國喬特","市","11/19","21.25","-0.05","-0.23","","","2","4.25","","36.9","","","","","","","塑膠工業","",""
="1313","聯成","市","11/19","9.59","-0.41","-4.1","10","135","135","129","49.3","36.7","","","","","","","塑膠工業","苗豐強","畢淑蒨"
="1314","中石化","市","11/19","8.2","-0.34","-3.98","10","378","378.5","310","56.4","34.4","有","","","","","","塑膠工業","陳瑞隆","陳穎俊(代理)"
="1315","達新","市","11/19","64.5","-0.1","-0.15","10","9.91","9.91","63.9","59.1","33.5","","","","","","","塑膠工業","吳子聰","陳以千"
="1316","上曜","市","11/19","14.15","-0.15","-1.05","10","36.7","36.71","51.9","45.9","33.1","","","","有","","","建材營造業","張祐銘","曾鵬光"
="1319","東陽","市","11/19","94.9","-1.2","-1.25","10","59.1","59.15","561","58.1","30.9","有","","有","","","","汽車工業","吳永茂","吳永祥"
="1321","大洋","市","11/19","35.85","0","0","10","22.7","22.72","81.5","60.5","26.8","","","","","","","塑膠工業","陳欽明","陳欽明"
="1323","永裕","市","11/19","19.65","0","0","10","9.13","9.13","17.9","52.6","29.3","","","","","","","塑膠工業","王威程","王威程"
="1324","地球","市","11/19","10.55","0","0","10","7.51","7.51","7.93","60.9","27.9","","","","","","","塑膠工業","鈞鼎投資股份有限公司(代表人張德照)","黃林慶"
="1325","恆大","市","11/19","31.3","-0.5","-1.57","10","8.53","8.53","26.7","63.1","26.6","","","","","","","塑膠工業","黃美慧","黃美慧"
="1326","台化","市","11/19","31.7","-1.2","-3.65","10","586","586.1","1,858","60.7","40.9","有","有","有","有","","","塑膠工業","洪福源","呂文進"
="1337","再生-KY","市","11/19","4.92","-0.03","-0.61","10","26.9","26.9","13.2","15.9","14.3","","","","有","","","塑膠工業","丁金山","丁金礦"
="1338","廣華-KY","市","11/19","20.4","-0.25","-1.21","10","8.38","8.38","17.1","16","12.9","","","","","","","汽車工業","余澤民","黃建中"
="1339","昭輝","市","11/19","44.3","-0.05","-0.11","10","7.41","7.41","32.8","39.7","13.6","","","","","","","汽車工業","禾翰投資股份有限公司","林睿澤"
="1340","勝悅-KY","市","11/19","6.95","-0.17","-2.39","10","15.3","15.29","10.6","13.4","11.8","","","","","","","塑膠工業","莊國清","莊輝煌"
="1341","富林-KY","市","11/19","58.3","0","0","10","5.29","5.29","30.8","9","6.91","","","","有","","","塑膠工業","王源林","王源林(暫代)"
="1342","八貫","市","11/19","82.8","-0.5","-0.6","10","7.91","7.86","65.1","43.4","4.99","","","有","有","","","其他業","劉宗熹","劉宗熹"
="1402","遠東新","市","11/19","27.95","+0.05","+0.18","10","535","535.3","1,496","71.9","58.6","有","有","有","有","","","紡織纖維","徐旭東","吳高山,鄭澄宇,范欽智,李源珍"
="1409","新纖","市","11/19","15.65","-0.3","-1.88","10","162","161.8","253","58.6","52.2","","","有","有","","","紡織纖維","吳東昇","歐金達"
="1410","南染","市","11/19","34.45","+0.8","+2.38","10","6.2","6.2","21.4","60.9","52.1","","","","","","","紡織纖維","何 鈞","何承榮"
="1413","宏洲","市","11/19","10.05","+0.06","+0.6","10","13.2","13.21","13.3","57.3","49.9","","","","","有","","紡織纖維","詹正田","蕭尚祐"
="1414","東和","市","11/19","16.8","-0.05","-0.3","10","22","22","37","66.2","49.8","","","","","","","紡織纖維","蔡淑櫻","張嘉亨"
="1416","廣豐","市","11/19","11.65","-0.15","-1.27","10","18.5","18.53","21.6","57.4","49.6","","","","","","","其他業","賀錫敬","劉家丞"
="1417","嘉裕","市","11/19","8.51","-0.13","-1.5","10","19","18.99","16.2","55.9","48.9","","","","","","","紡織纖維","陳陞","陳盈璋"
="1418","東華","市","11/19","19.95","-0.1","-0.5","10","5.68","5.68","11.3","55.7","48.8","","","","","有","","紡織纖維","林壯儒","林壯燁"
="1419","新紡","市","11/19","64.4","+0.1","+0.16","10","30","30","193","70.5","48.7","","","有","","","","紡織纖維","吳昕恩","張淑娣"
="1423","利華","市","11/19","39.25","-0.4","-1.01","10","9.96","9.96","39.1","61.3","46.6","","","","","","","紡織纖維","應柔爾","洪志成"
="1432","大魯閣","市","11/19","17.1","0","0","10","10.8","10.8","18.5","52.3","43.3","","","","","有","","運動休閒","林曼麗","王盈之"
="1434","福懋","市","11/19","15.7","-0.15","-0.95","10","168","168.5","264","52.6","39.9","","","","","","","紡織纖維","王文淵","李敏章"
="1435","中福","市","11/19","24.9","-0.2","-0.8","10","14","13.98","34.8","54.8","37.9","","","","","","","其他業","陳建","陸榮木"
="1436","華友聯","市","11/19","61","-0.7","-1.13","10","17.3","17.27","105","58.8","37.6","","","有","有","","","建材營造業","陸炤廷","陸炤廷"
="1437","勤益控","市","11/19","31.85","-0.05","-0.16","10","20.3","20.34","64.8","64.7","37","","","","","","","其他業","顧立楷","顧立楷"
="1438","三地開發","市","11/19","33.9","+0.15","+0.44","10","11.1","11.12","37.7","70.1","36.9","","","","有","有","","建材營造業","鍾育霖","莊峻宇"
="1439","雋揚","市","11/19","26.75","-0.5","-1.83","10","9.2","9.2","24.6","61.1","36.5","","","","","","","建材營造業","侯嘉騏","劉先雯"
="1440","南紡","市","11/19","13.5","-0.25","-1.82","10","166","165.7","224","70.7","36.1","有","","","","","","紡織纖維","侯博明","江俊謀"
="1441","大東","市","11/19","10.7","0","0","10","7.17","7.17","7.68","67.7","36.1","","","","","有","","紡織纖維","陳修忠","陳建州"
="1442","名軒","市","11/19","31","-0.9","-2.82","10","36.6","36.62","114","51.3","36","","","有","","","","建材營造業","吳泓瑩","吳勝利"
="1443","立益物流","市","11/19","27.4","+0.3","+1.11","10","13.5","13.53","37.1","53","35.6","","","","","","","其他業","蘇東榮","蘇慶源"
="1444","力麗","市","11/19","6.09","-0.01","-0.16","10","99.6","99.56","60.6","46.8","35.3","","","","","","","紡織纖維","郭紹儀","陳漢卿"
="1445","大宇","市","11/19","14.4","+0.4","+2.86","10","13.1","13.07","18.8","56.2","34.8","","","","","","","紡織纖維","陳曜銘","楊任凱"
="1446","宏和","市","11/19","17.6","-0.1","-0.56","10","13.8","13.77","24.2","47.4","34.1","","","","","","","紡織纖維","黃大功","何天明"
="1447","力鵬","市","11/19","5.29","-0.06","-1.12","10","91","91.01","48.1","50.3","33.8","","","","","","","紡織纖維","郭紹儀","童敏雄"
="1449","佳和","市","11/19","10","-0.15","-1.48","10","12.7","12.71","12.7","52.9","33.5","","","","","","","紡織纖維","翁偉翔","翁偉翔"
="1451","年興","市","11/19","17.15","-0.15","-0.87","10","19.8","19.8","34","39.1","32.9","","","","","","","紡織纖維","陳威翰","蔡樹軒"
="1452","宏益","市","11/19","11.75","0","0","10","13.3","13.26","15.6","57.2","32.9","","","","","","","紡織纖維","施淑賢","王慶榮"
="1453","大將","市","11/19","12.2","-0.25","-2.01","10","11.3","11.32","13.8","47.6","32.6","","","","","","","建材營造業","葉義雄","林靜怡"
="1454","台富","市","11/19","13","0","0","10","13","12.98","16.9","52.5","32.5","","","","","","","紡織纖維","莊燿銘","莊燿銘"
="1455","集盛","市","11/19","7.7","-0.11","-1.41","10","53.2","53.17","40.9","56.3","32.1","","","","有","","","紡織纖維","蘇百煌","葉必祿"
="1456","怡華","市","11/19","12.35","0","0","10","9.37","9.37","11.6","57.3","31.9","","","","有","","","建材營造業","黃士豪","黃士豪"
="1457","宜進","市","11/19","16.15","-0.05","-0.31","10","31.7","31.67","51.2","44.7","31.1","","","","","","","紡織纖維","詹正田","翁茂誠(原名:林鏡地)"
="1459","聯發","市","11/19","11.8","-0.1","-0.84","10","35.9","35.86","42.3","52.9","31.1","","","","有","","","紡織纖維","葉清澤","王豐岳"
="1460","宏遠","市","11/19","5.62","-0.01","-0.18","10","69.5","69.46","39","37.8","30.6","","","","","","","紡織纖維","席家宜","暫缺"
="1463","強盛新","市","11/19","18.7","-0.05","-0.27","10","17.3","17.33","32.4","42.1","29","","","","","","","紡織纖維","成漢傑","張士志"
="1464","得力","市","11/19","10.7","-0.1","-0.93","10","42.6","42.56","45.5","43.4","28.8","","","有","","","","紡織纖維","葉家銘","游逸能"
="1465","偉全","市","11/19","12.8","-0.15","-1.16","10","10.4","10.36","13.3","53","28.2","","","","","","","紡織纖維","陳建柱","陳建柱"
="1466","聚隆","市","11/19","14.45","+0.35","+2.48","10","11.1","11.12","16.1","37.3","27.6","","","","","","","紡織纖維","周文東","周文東"
="1467","南緯","市","11/19","7","-0.02","-0.28","10","23.4","23.36","16.4","47.3","26.9","","","","","有","","紡織纖維","林瑞岳","林宗頤"
="1468","昶和","市","11/19","11.3","-0.05","-0.44","10","16","16.04","18.1","43.6","26.8","","","","","","","紡織纖維","陳明澤","陳明澤"
="1470","大統新創","市","11/19","22.5","+0.65","+2.97","10","8.58","8.58","19.3","38.9","26.5","","","","","","","紡織纖維","葉泉發","葉柏亮"
="1471","首利","市","11/19","8.45","-0.11","-1.29","10","15","15.04","12.7","43.1","26.6","","","","","有","","電子零組件業","鄭傑","鄭翔"
="1472","三洋實業","市","11/19","91.8","+0.9","+0.99","10","5.25","5.25","48.2","57.1","26.8","","","","有","有","","建材營造業","蔣玉蓮","徐正哲"
="1473","台南","市","11/19","24.65","+0.4","+1.65","10","14.6","14.62","36","64.2","25.2","","","","","","","紡織纖維","楊青峯","蘇炯忠"
="1474","弘裕","市","11/19","11.7","+0.15","+1.3","10","13","12.99","15.2","55.2","26.4","","","","有","","","紡織纖維","葉博宇","郭正沛"
="1475","業旺","市","11/19","37.15","+0.35","+0.95","10","6.6","6.6","24.5","35","25.1","","","","","","","紡織纖維","陳清土","陳坤木"
="1476","儒鴻","市","11/19","432.5","+6.5","+1.53","10","27.4","27.44","1,187","48","24.6","有","","有","","","","紡織纖維","王樹文","洪瑞廷"
="1477","聚陽","市","11/19","311","+13","+4.36","10","24.7","24.67","767","35.9","22.8","有","","有","","","","紡織纖維","周理平","周心鵬"
="1503","士電","市","11/19","162.5","+0.5","+0.31","10","52.1","52.1","847","70","55.9","有","","有","","","","電機機械","許育瑞","郭約瑟、程相智"
="1504","東元","市","11/19","93","-0.8","-0.85","10","238","237.6","2,210","69.4","52","有","","有","有","","","電機機械","利明献","高飛鳶"
="1506","正道","市","11/19","11.85","0","0","10","30","30.04","35.6","60.7","45.3","","","","","有","","電機機械","謝麗雲","羅仕溢"
="1512","瑞利","市","11/19","7.92","+0.04","+0.51","10","9.82","9.82","7.78","55.4","31.8","","","","","有","","汽車工業","吳明燦","林維輝"
="1513","中興電","市","11/19","150","+3","+2.04","10","50.3","50.31","755","69.6","31.7","有","","有","有","","","電機機械","江馥年","郭慧娟"
="1514","亞力","市","11/19","95.2","-1.1","-1.14","10","27.3","27.31","260","57.2","31.7","","","有","有","","","電機機械","慧德實業有限公司代表人宋和業","鄭朝彬"
="1515","力山","市","11/19","26.85","-0.65","-2.36","10","18.1","18.15","48.7","52.6","30.8","","","","","","","電機機械","王冠祥","羅政洲"
="1516","川飛","市","11/19","18.4","+0.35","+1.94","10","4","4","7.36","39.7","30.6","","","","","","","其他業","謝縈俞","陳郁嵐"
="1517","利奇","市","11/19","10.95","-0.4","-3.52","10","22.3","22.33","24.5","52.5","30.6","","","","","","","電機機械","林育新","林宜賢"
="1519","華城","市","11/19","750","+43","+6.08","10","31.6","31.59","2,369","56.2","28.6","","","有","","","","電機機械","許邦福","許逸德/許逸晟(執行長)"
="1521","大億","市","11/19","24","-0.1","-0.41","10","7.62","7.62","18.3","49.8","28.1","","","","","","","汽車工業","吳俊億","莊智清"
="1522","堤維西","市","11/19","47.65","+0.8","+1.71","10","34.3","31.29","149","39.2","28.1","","","有","","","有","汽車工業","吳國禎","蘇彥碩"
"1522A","堤維西甲特","市","11/19","49.05","-0.45","-0.91","","","3","14.7","","4.28","","","","","","","汽車工業","",""
="1524","耿鼎","市","11/19","29.1","-0.1","-0.34","10","16.5","16.53","48.1","39.7","27.1","","","","","","","汽車工業","李茂源","李茂源"
="1525","江申","市","11/19","63.4","-1","-1.55","10","7.34","7.34","46.5","62.5","26.5","","","","","","","汽車工業","熊東台","曾火冏誌"
="1526","日馳","市","11/19","16.7","-0.45","-2.62","10","6","6","10","53.5","25.7","","","","有","","","電機機械","徐義雄","徐義雄"
="1527","鑽全","市","11/19","32.7","-0.25","-0.76","10","13.9","13.86","45.3","42.4","26.9","","","","","","","電機機械","賴伯彥先生","賴伯峰先生"
="1528","恩德","市","11/19","14.2","-0.5","-3.4","10","19.1","19.13","27.2","53.3","27.7","","","","","","","電機機械","廖文嘉","李明哲"
="1529","樂事綠能","市","11/19","18.5","-0.35","-1.86","10","15.5","15.51","28.7","47.5","26.9","","","","","","","電機機械","陳介仁","陳連聰"
="1530","亞崴","市","11/19","26.8","+0.2","+0.75","10","9.46","9.46","25.4","39.3","25.2","","","","","","","電機機械","楊丞鈞","楊昌熾 代理"
="1531","高林股","市","11/19","11.5","+0.05","+0.44","10","18.2","18.21","20.9","60.1","26.5","","","","","","","電機機械","林陳雅子","林培嘉"
="1532","勤美","市","11/19","25.6","+0.4","+1.59","10","42.3","42.26","108","53.2","25.2","","","有","","","","電機機械","林廷芳","林靖誼/麥聖偉"
="1533","車王電","市","11/19","31.2","-0.6","-1.89","10","9.85","9.85","30.7","43.3","24.6","","","","","","","汽車工業","蔡裕慶","蔡裕慶"
="1535","中宇","市","11/19","54.2","-0.1","-0.18","10","12.4","12.37","67.1","32.7","25.9","","","","有","","","電機機械","謝英斌","江永裕"
="1536","和大","市","11/19","56","0","0","10","27.9","27.9","156","52.8","25.6","有","","有","","","","汽車工業","沈千慈","陳俊智"
="1537","廣隆","市","11/19","121.5","0","0","10","8.21","8.21","99.7","35.8","23.8","","","","有","","","電機機械","李瑞勳","楊瑞祥"
="1538","正峰","市","11/19","25.3","0","0","10","3.23","3.23","8.17","49.6","26.9","","","","","有","","電機機械","陳永倫","陳永倫"
="1539","巨庭","市","11/19","16.85","+0.2","+1.2","10","6.54","6.54","11","44.3","24.5","","","","","","","電機機械","莊博彥","張永和"
="1540","喬福","市","11/19","21.15","-0.4","-1.86","10","8.55","8.55","18.1","41.3","26.6","","","","","","","電機機械","林聖明","詹正淦"
="1541","錩泰","市","11/19","23.55","-0.45","-1.88","10","7.88","7.88","18.6","36.6","22.7","","","","","","","電機機械","張經金","張經金"
="1558","伸興","市","11/19","97.3","-0.2","-0.21","10","6.65","6.65","64.7","50.9","17.9","","","","","","","電機機械","林志誠","劉棟樑"
="1560","中砂","市","11/19","297","-1","-0.34","10","14.7","14.63","434","61.4","20.8","","","有","","","","電機機械","林伯全","謝榮哲"
="1563","巧新","市","11/19","41.05","-1.05","-2.49","10","23.1","23.08","94.7","31.4","1.52","","","有","","","","汽車工業","黃聰榮","黃聰榮"
="1568","倉佑","市","11/19","21.15","-0.15","-0.7","10","10.3","10.31","21.8","40.8","11.5","","","","","","","汽車工業","蘇祈澤","蘇祈祜"
="1582","信錦","市","11/19","64.7","-0.7","-1.07","10","14.4","14.43","93.3","46.4","18.9","","","有","有","","","電子零組件業","陳秋郎","陳秋郎"
="1583","程泰","市","11/19","43.05","-0.75","-1.71","10","10.9","10.94","47.1","50.1","17.8","","","","","","","電機機械","楊舒涵","楊舒涵"
="1587","吉茂","市","11/19","40.75","+0.1","+0.25","10","8.01","8.01","32.6","41.2","7.6","","","","","","","汽車工業","劉彥狄","劉彥狄"
="1589","永冠-KY","市","11/19","17.05","-0.3","-1.73","10","15.3","15.31","26.1","17.8","13.6","","","","有","","","電機機械","張賢銘","李熔"
="1590","亞德客-KY","市","11/19","894","-16","-1.76","10","20","20","1,788","16.2","14.9","有","","有","","","","電機機械","王世忠","李懷文"
="1597","直得","市","11/19","70.5","0","0","10","8.93","8.93","62.9","27.1","12.9","","","有","","","","電機機械","陳麗芬","許明哲"
="1598","岱宇","市","11/19","21.9","-0.4","-1.79","10","17.9","17.91","39.2","35.5","9.17","","","","","","","運動休閒","林佑穎","陳明男"
="1603","華電","市","11/19","36.8","-0.15","-0.41","10","19.2","19.17","70.5","64.7","57.5","","","","","","","電器電纜","陳亮吟","陳鶴原"
="1604","聲寶","市","11/19","24.35","-0.05","-0.2","10","38.4","38.42","93.6","63.2","54.9","","","","","","","電器電纜","財團法人陳茂榜工商發展基金會","許經朝"
="1605","華新","市","11/19","29.05","-1.3","-4.28","10","443","443.1","1,287","59","53","有","有","有","有","","","電器電纜","焦佑倫","潘文虎"
="1608","華榮","市","11/19","34.15","-0.35","-1.01","10","63.3","63.28","216","68.9","37.4","有","","有","","","","電器電纜","王宏仁","黃華志"
="1609","大亞","市","11/19","37.85","-0.25","-0.66","10","78.5","78.53","297","63","36.9","有","","有","有","","","電器電纜","沈尚弘","沈尚宜"
="1611","中電","市","11/19","12.1","0","0","10","32.3","32.27","39.1","70.8","35.8","","","","","","","電器電纜","廖銘輝","吳一麟代理"
="1612","宏泰","市","11/19","34.1","-0.2","-0.58","10","31.6","31.61","108","57.3","32.5","","","有","","","","電器電纜","久疆投資股份有限公司","黎文斌"
="1614","三洋電","市","11/19","33.85","+0.1","+0.3","10","26.9","26.91","91.1","62.8","28.2","","","","","","","電器電纜","李文峰","李文琳"
="1615","大山","市","11/19","47.35","-0.1","-0.21","10","19.7","19.67","93.1","51.6","27.6","","","有","","","","電器電纜","蘇文彬","蘇文彬"
="1616","億泰","市","11/19","29.1","+0.05","+0.17","10","19.4","19.41","56.5","37.7","28.5","","","有","","","","電器電纜","王銀河","張程浩(代理)"
="1617","榮星","市","11/19","14.4","-0.45","-3.03","10","17","16.95","24.4","54.3","27.6","","","","有","","","電器電纜","王東澤","邱守基"
="1618","合機","市","11/19","40.6","-0.4","-0.98","10","19.3","19.27","78.2","36.7","25.2","","","有","","","","電器電纜","李新政","郭晉勳"
="1626","艾美特-KY","市","11/19","11.75","-0.25","-2.08","10","15","14.98","17.6","21.7","12.7","","","","","","","電器電纜","史瑞斌","史瑞斌"
="1702","南僑","市","11/19","37.55","-0.3","-0.79","10","29.4","29.41","110","75.4","52.5","","","有","有","","","食品工業","陳飛龍","李勘文"
="1707","葡萄王","市","11/19","126","-1","-0.79","10","14.8","14.81","187","54.6","42.9","有","","","","","","生技醫療業","曾盛麟","曾盛麟"
="1708","東鹼","市","11/19","31.45","-0.4","-1.26","10","24.9","24.9","78.3","68.7","39.4","","","有","","","","化學工業","陳榮元","劉志勇"
="1709","和益","市","11/19","16.6","0","0","10","47.7","47.7","79.2","52.4","39.4","","","","有","","","化學工業","黃勝材","李宏德"
="1710","東聯","市","11/19","11.75","-0.15","-1.26","10","88.6","88.57","104","49.9","38.1","","","有","","","","化學工業","徐旭東","蔡錫津"
="1711","永光","市","11/19","17.75","-0.15","-0.84","10","54.8","54.78","97.2","53.2","36.9","","","有","","","","化學工業","陳建信","陳偉望"
="1712","興農","市","11/19","41.75","-0.15","-0.36","10","42","42.05","176","62","35.9","","","","","","","化學工業","顏子芳","李乾珉"
="1713","國化","市","11/19","43.85","-0.25","-0.57","10","15.1","15.1","66.2","62.9","35.8","","","","","","","化學工業","應柔爾","洪志成"
="1714","和桐","市","11/19","8.12","-0.05","-0.61","10","99.2","99.18","80.5","45.3","34.2","","","","","","","化學工業","張立秋","陳怡如"
="1717","長興","市","11/19","39.1","-0.3","-0.76","10","117","117.2","458","61","31.6","有","","","有","","","化學工業","高國倫","毛惠寬"
="1718","中纖","市","11/19","6.77","-0.07","-1.02","10","169","168.6","114","70.5","62","有","","","","","","化學工業","王貴賢","王皆誼"
="1720","生達","市","11/19","62.9","+1","+1.62","10","17.9","17.87","112","58.4","29.9","","","有","","","","生技醫療業","范滋庭","范滋庭"
="1721","三晃","市","11/19","10.85","-0.25","-2.25","10","18.5","18.49","20.1","50.9","29.5","","","","","有","","化學工業","黃亭棣","張俊彬"
="1722","台肥","市","11/19","47.05","-0.35","-0.74","10","98","98","461","79.6","27.7","有","","","","","","化學工業","張滄郎","張滄郎"
="1723","中碳","市","11/19","77.3","-1.6","-2.03","10","23.7","23.69","183","36.8","27","","","","","","","化學工業","黃建智","方明達"
="1725","元禎","市","11/19","27.65","+2.5","+9.94","10","18.2","18.18","50.3","48.3","25.2","","","","","","","化學工業","許元禎","姚永康"
="1726","永記","市","11/19","75.3","0","0","10","16.2","16.2","122","68.5","27.4","","","","","","","化學工業","張德仁","張豐利"
="1727","中華化","市","11/19","38.8","+0.95","+2.51","10","12.5","12.54","48.6","69.1","25.2","","","","有","","","化學工業","干文元","干凱恩"
="1730","花仙子","市","11/19","52.4","+0.1","+0.19","10","6.32","6.32","33.1","42.5","24.2","","","","","","","化學工業","蔡心心","王佳郁"
="1731","美吾華","市","11/19","21.75","0","0","10","13.3","13.29","28.9","49.1","24.2","","","","有","","","生技醫療業","李成家","賴育儒"
="1732","毛寶","市","11/19","28.65","+0.05","+0.17","10","4.24","4.24","12.2","47","26","","","","","","","化學工業","吳瑞華","陳逸弘"
="1733","五鼎","市","11/19","30.1","-0.2","-0.66","10","10","10","30.1","28","24.2","","","","","","","生技醫療業","沈燕士","沈燕士"
="1734","杏輝","市","11/19","30.35","+0.3","+1","10","19","19.02","57.7","48.4","25.1","","","","","","","生技醫療業","李志文","白友烺"
="1735","日勝化","市","11/19","14.3","-0.3","-2.05","10","9.94","9.94","14.2","36.5","25.1","","","","","","","化學工業","何文杰","黃長澤"
="1736","喬山","市","11/19","144.5","-1","-0.69","10","30.3","30.34","438","50.1","22.9","","","有","有","","","運動休閒","羅崑泉","羅光廷"
="1737","臺鹽","市","11/19","31.55","-0.05","-0.16","10","20","20","63.1","30.4","22","","","","","","","食品工業","丁彥哲","李杰翰"
="1752","南光","市","11/19","38.15","-0.3","-0.78","10","10.1","10.1","38.5","52.3","16.3","","","","","","","生技醫療業","陳立賢","王玉杯"
="1760","寶齡富錦","市","11/19","65.2","+0.2","+0.31","10","8.57","8.57","55.9","49.9","7.82","","","","","","","生技醫療業","張立秋","江宗明"
="1762","中化生","市","11/19","24.3","-0.15","-0.61","10","7.69","7.69","18.7","61.5","14.9","","","","","","","生技醫療業","王謝怡貞","蕭文郁"
="1773","勝一","市","11/19","132","-1.5","-1.12","10","30","30","396","46.8","16.7","","","有","","","","化學工業","孫靜源","孫啟發"
="1776","展宇","市","11/19","15.05","+0.05","+0.33","10","6.01","6.01","9.05","49.6","9.53","","","","","","","化學工業","劉漢瀛","趙偉君"
="1783","和康生","市","11/19","42.7","+0.15","+0.35","10","8.97","8.97","38.3","27","11.9","","","","","有","","生技醫療業","林詠翔","陳敬亭"
="1786","科妍","市","11/19","76.2","+0.2","+0.26","10","7.22","7.22","55","24","12","","","有","有","","","生技醫療業","韓開程","韓台賢"
="1789","神隆","市","11/19","17","0","0","10","79.1","79.07","134","28","14.1","","","","","","","生技醫療業","羅智先","盧麗安"
="1795","美時","市","11/19","282","-1","-0.35","10","26.7","26.7","753","59.4","15.8","有","","有","","","","生技醫療業","Vilhelm Robert Wessman","Petar Antonov Vazharov"
="1802","台玻","市","11/19","31.15","+0.35","+1.14","10","291","290.8","906","61.2","52.3","有","","有","","","","玻璃陶瓷","林伯豐","林伯實"
="1805","寶徠","市","11/19","12.1","-0.1","-0.82","10","13.5","13.5","16.3","47.4","36.1","","","","","","","建材營造業","林瑞山","林瑞山"
="1806","冠軍","市","11/19","8.72","-0.09","-1.02","10","39","39.04","34","53","33.1","","","","","","","玻璃陶瓷","林榮德","林祐宇"
="1809","中釉","市","11/19","17.4","-0.15","-0.85","10","16.7","16.7","29.1","51","29.6","","","","","","","玻璃陶瓷","蔡憲龍","蔡松祐"
="1810","和成","市","11/19","16.7","+0.2","+1.21","10","30.2","30.23","50.5","62.6","34.1","","","","","","","玻璃陶瓷","邱立堅","陳世傑"
="1817","凱撒衛","市","11/19","38.45","-0.4","-1.03","10","7.26","7.26","27.9","37.8","12.1","","","","","","","玻璃陶瓷","蕭俊祥","陳威志"
="1903","士紙","市","11/19","53.6","-0.7","-1.29","10","26","26","139","66.2","61.9","","","有","","","","造紙工業","臺實貿易股份有限公司","闕啟文"
="1904","正隆","市","11/19","17.8","-0.2","-1.11","10","111","110.8","197","66.8","54.2","有","","","","","","造紙工業","鄭人銘","張清標"
="1905","華紙","市","11/19","11.65","-0.3","-2.51","10","110","110.3","128","57.4","50.8","有","","","","","","造紙工業","黃鯤雄","陳瑞和"
="1906","寶隆","市","11/19","11.95","-0.55","-4.4","10","15.1","15.1","18","60.5","49.6","","","","","","","造紙工業","李殷佳","田哲森"
="1907","永豐餘","市","11/19","26.7","-0.3","-1.11","10","166","166","443","75.7","48.7","有","","","","","","造紙工業","葉惠青","駱秉正"
="1909","榮成","市","11/19","10.1","-0.05","-0.49","10","133","132.8","134","47.7","40","有","","","有","","","造紙工業","鄭瑛彬","松村浩、吳國禎"
="2002","中鋼","市","11/19","17.7","-0.05","-0.28","10","1,577","1,573","2,785","54","50.9","有","有","有","有","","有","鋼鐵工業","黃建智","陳守道"
"2002A","中鋼特","市","11/19","38.65","-0.05","-0.13","","","3.83","14.8","","50.9","","","","","","","鋼鐵工業","",""
="2006","東和鋼鐵","市","11/19","59.5","-0.3","-0.5","10","73","73.02","434","63.5","37.4","有","","","有","","","鋼鐵工業","侯傑騰","黃炳樺"
="2007","燁興","市","11/19","7.02","-0.05","-0.71","10","53.1","53.07","37.3","47.3","37.1","","","","","有","","鋼鐵工業","吳林茂","黃傳祥"
="2008","高興昌","市","11/19","27.8","+0.05","+0.18","10","19.1","19.09","53.1","59.8","36.9","","","","","","","鋼鐵工業","呂泰榮","勝呂榮峰"
="2009","第一銅","市","11/19","37.4","-0.85","-2.22","10","36","35.96","134","56.3","36.1","","","有","","","","鋼鐵工業","王宏仁","洪茂陽"
="2010","春源","市","11/19","19.6","-0.25","-1.26","10","64.8","64.77","127","59.9","35.9","","","","","","","鋼鐵工業","蔡錫儀","洪士民"
="2012","春雨","市","11/19","15.2","-0.1","-0.65","10","30.2","30.22","45.9","60.7","34.1","","","","","","","鋼鐵工業","陳其泰","吳居諺"
="2013","中鋼構","市","11/19","41.2","+0.9","+2.23","10","20","20","82.4","47.7","33.8","","","","","","","鋼鐵工業","陳瑞騰","黃源章"
="2014","中鴻","市","11/19","14.05","-0.2","-1.4","10","144","143.6","202","42.1","33.7","有","","有","有","","","鋼鐵工業","朱敏","王輔良"
="2015","豐興","市","11/19","60.7","-0.6","-0.98","10","58.2","58.16","353","56.9","33.5","","","","","","","鋼鐵工業","林大鈞","林永源"
="2017","官田鋼","市","11/19","8.39","-0.17","-1.99","10","44.7","44.69","37.5","52.3","33","","","","","","","鋼鐵工業","汪振澤","謝政成"
="2020","美亞","市","11/19","22.4","-0.05","-0.22","10","26.7","26.7","59.8","66.1","32.6","","","","","","","鋼鐵工業","黃春發","蕭敏志"
="2022","聚亨","市","11/19","7.88","-0.12","-1.5","10","33.7","33.72","26.6","45","30.7","","","","有","","","鋼鐵工業","黃文松","呂艷娟"
="2023","燁輝","市","11/19","14.65","0","0","10","193","192.6","282","47.6","30.3","","","","","","","鋼鐵工業","林義守","張振武"
="2024","志聯","市","11/19","16.85","-0.05","-0.3","10","9.75","9.75","16.4","52.2","29.9","","","","","","","鋼鐵工業","潘仲良","林信安(代理)"
="2025","千興","市","11/19","9.07","0","0","10","17.3","17.27","15.7","53.5","29.8","","","","","","","鋼鐵工業","魏福全","邱麗雲"
="2027","大成鋼","市","11/19","35.05","-1.85","-5.01","10","258","258.4","906","39","29.1","有","","有","","","","鋼鐵工業","謝麗雲","謝榮坤"
="2028","威致","市","11/19","15.5","-0.05","-0.32","10","32.6","32.57","50.5","43.1","28.9","","","","","","","鋼鐵工業","郭素惠","郭素惠"
="2029","盛餘","市","11/19","20.05","0","0","10","32.1","32.12","64.4","52.5","28.9","","","","","","","鋼鐵工業","樽宮浩一","洪世強"
="2030","彰源","市","11/19","13.85","0","0","10","28.1","28.05","38.9","41.1","26.9","","","","","","","鋼鐵工業","張炳耀","張炳耀"
="2031","新光鋼","市","11/19","36.1","-0.65","-1.77","10","32.1","32.11","116","58.9","25.2","","","有","","","","鋼鐵工業","粟明德","曾明山"
="2032","新鋼","市","11/19","13.75","-0.05","-0.36","10","13.1","13.05","17.9","54.4","25.2","","","","","","","鋼鐵工業","蔡政廷","成主賜"
="2033","佳大","市","11/19","15.45","-0.05","-0.32","10","8.07","8.07","12.5","52.6","25.2","","","","","","","鋼鐵工業","吳大和","陳正平"
="2034","允強","市","11/19","18.9","-0.5","-2.58","10","52.4","52.35","99","52.8","26.1","","","有","有","","","鋼鐵工業","張金鈺","張金鈺"
="2038","海光","市","11/19","13.3","-0.1","-0.75","10","19.4","19.41","25.8","56.7","16.9","","","","","","","鋼鐵工業","黃韋翰","黃燦明"
="2049","上銀","市","11/19","186.5","0","0","10","35.4","35.38","660","36.1","16.4","有","","有","","","","電機機械","卓文恒","蔡惠卿"
="2059","川湖","市","11/19","3575","+25","+0.7","10","9.53","9.53","3,407","39.2","20.6","有","","有","","","","電子零組件業","林聰吉","林淑珍"
="2062","橋椿","市","11/19","19.75","+0.05","+0.25","10","20","20","39.5","41.4","18","","","","","","","居家生活","楊慶祺","楊慶祺"
="2069","運錩","市","11/19","15.65","-0.2","-1.26","10","16.6","16.64","26","38.3","9.66","","","","","","","鋼鐵工業","顏德和","顏德和"
="2101","南港","市","11/19","36.2","+0.25","+0.7","10","73.4","73.39","266","66.7","62.1","","","有","有","","","橡膠工業","郭林諒","林君穎"
="2102","泰豐","市","11/19","19.15","-0.35","-1.79","10","47.3","47.33","90.6","70","46.3","","","","","","","橡膠工業","郭林諒","鍾政諺"
="2103","台橡","市","11/19","13.8","-0.3","-2.13","10","82.6","82.57","114","52","43.2","","","","","","","橡膠工業","殷琪","蔡偉強"
="2104","國際中橡","市","11/19","9.46","-0.26","-2.67","10","98.5","98.47","93.2","52.4","39.4","","","","有","","","橡膠工業","辜公怡","李超儒"
="2105","正新","市","11/19","32.4","+0.75","+2.37","10","324","324.1","1,050","55.9","38","有","","有","有","","","橡膠工業","陳榮華","李進昌"
="2106","建大","市","11/19","20.15","-0.1","-0.49","10","95.5","95.49","192","63.6","34.9","","","","","","","橡膠工業","楊啓仁","林建良"
="2107","厚生","市","11/19","23.4","-0.2","-0.85","10","30.4","30.36","71","62.8","33.7","","","","","","","橡膠工業","徐正材","徐正己"
="2108","南帝","市","11/19","22","0","0","10","49.2","49.24","108","46.9","33.1","","","","","","","橡膠工業","楊東源","許建祝"
="2109","華豐","市","11/19","15.25","+0.05","+0.33","10","27.9","27.93","42.6","66.5","27.5","","","","","","","橡膠工業","沈國榮","王嶠奇"
="2114","鑫永銓","市","11/19","90","-0.2","-0.22","10","7.8","7.8","70.2","56.2","19.1","","","","","","","橡膠工業","張惠寬","林季佑"
="2115","六暉-KY","市","11/19","25","-0.7","-2.72","10","10.4","10.44","26.1","16.1","11.9","","","","","","","汽車工業","吳金鹿","許秀華"
="2201","裕隆","市","11/19","36.2","-0.9","-2.43","10","107","107","387","72.2","49.4","有","","有","有","","","汽車工業","嚴陳莉蓮","許國興"
="2204","中華","市","11/19","57.6","0","0","10","55.4","55.36","319","56.4","34.7","","","有","","","","汽車工業","嚴陳莉蓮","曾鑫城"
="2206","三陽工業","市","11/19","61","-0.2","-0.33","10","79.2","79.18","483","64.2","29.3","","","","","","","汽車工業","吳清源","吳清源"
="2207","和泰車","市","11/19","600","+7","+1.18","10","55.7","55.71","3,343","70.6","28.7","","","","","","","汽車工業","黃南光","蘇純興"
="2208","台船","市","11/19","19.1","0","0","10","127","127.4","243","52","16.9","","","","有","有","","航運業","陳政宏","蔡坤宗"
="2211","長榮鋼","市","11/19","108","-2","-1.82","10","41.7","41.71","450","52.8","4.61","","","有","","","","鋼鐵工業","林耿立","劉邦恩"
="2227","裕日車","市","11/19","55.3","+0.3","+0.55","10","30","30","166","22.1","20.9","","","","","","","汽車工業","嚴陳莉蓮","姚振祥"
="2228","劍麟","市","11/19","90.5","-0.3","-0.33","10","7.95","7.95","72","48.6","12","","","有","有","","","汽車工業","黃正怡","黃正忠"
="2231","為升","市","11/19","96","+1.8","+1.91","10","13.6","13.59","130","36.9","16.7","有","","有","","","","汽車工業","黃淑媛","尤山泉"
="2233","宇隆","市","11/19","194.5","+10","+5.42","10","6.03","6.03","117","37.9","14","","","有","","","","汽車工業","劉俊昌","蔡銘東"
="2236","百達-KY","市","11/19","94.1","+5.3","+5.97","10","5.36","5.35","50.4","14.4","10.5","","","","有","","","汽車工業","黃亮茳","黃泓杰"
="2239","英利-KY","市","11/19","28.9","+0.2","+0.7","10","12","12.03","34.8","10.8","9.81","","","","","","","汽車工業","林上煒","林上琦"
="2241","艾姆勒","市","11/19","35.15","-2.6","-6.89","10","10.5","10.46","36.8","14.4","5.23","","","","","","","汽車工業","林啟聖","石志鴻"
="2243","宏旭-KY","市","11/19","10.75","0","0","10","6.94","6.94","7.46","10.7","8.15","","","","有","","","汽車工業","林維源","陳廣瑞(代理)"
="2247","汎德永業","市","11/19","285","+1","+0.35","10","8.07","8.07","230","46","5.11","","","","有","","","汽車工業","唐慕蓮","杜黃旭"
="2248","華勝-KY","市","11/19","50","+0.05","+0.1","10","4.76","4.76","23.8","8.6","0.69","","","","","","","汽車工業","陳鏗勝","陳鏗勝"
="2250","IKKA-KY","市","11/19","74.1","+0.1","+0.14","10","3.64","3.64","27","9.6","4.47","","","","有","","","汽車工業","胡湘麒","小原正美"
="2254","巨鎧精密-創","市","11/19","58.8","+0.2","+0.34","10","6.39","6.39","37.6","12.2","2.09","","","","","","","汽車工業","吳柏樺","吳柏樺/吳志彬"
="2258","鴻華先進-創","市","11/19","40.15","+0.75","+1.9","10","174","174.1","699","5","2","","","","","","","汽車工業","李秉彥","陳清亞"
="2301","光寶科","市","11/19","153.5","-1","-0.65","10","232","231.7","3,556","36.7","30","有","","有","","","","電腦及週邊設備業","宋明峰","邱森彬"
="2302","麗正","市","11/19","18.25","-0.4","-2.14","10","16.6","16.63","30.4","49.8","40.8","","","","","","","半導體業","林文騰","林文騰"
="2303","聯電","市","11/19","44.35","+0.15","+0.34","10","1,256","1,256","5,568","45.5","40.3","有","有","有","有","","","半導體業","洪嘉聰","簡山傑、王石"
="2305","全友","市","11/19","10.25","-0.2","-1.91","10","20.6","20.57","21.1","45.1","37.1","","","","","","","電腦及週邊設備業","吳金來","謝靜慧"
="2308","台達電","市","11/19","894","-4","-0.45","10","260","259.8","23,222","50.3","36.9","有","","有","有","","","電子零組件業","鄭平","張訓海"
="2312","金寶","市","11/19","22","+0.95","+4.51","10","150","150.5","331","52.6","36","有","","有","","","","其他電子業","許介立","陳威昌"
="2313","華通","市","11/19","77.3","-0.7","-0.9","10","119","119.2","921","52.2","35.3","有","","有","","","","電子零組件業","江培琨","江培琨"
="2314","台揚","市","11/19","21.6","+0.1","+0.47","10","10.6","10.61","22.9","42.6","35.3","","","","","","","通信網路業","謝其嘉","吳永欽"
="2316","楠梓電","市","11/19","88.9","-0.3","-0.34","10","18.3","18.27","162","47.6","34.8","","","有","","","","電子零組件業","徐漢忠","陳志康"
="2317","鴻海","市","11/19","229","-1","-0.43","10","1,396","1,396","31,978","51.7","34.4","有","有","有","有","","","其他電子業","劉揚偉","劉揚偉"
="2321","東訊","市","11/19","17","-0.35","-2.02","10","3.03","3.03","5.15","45.2","34","","","","","","有","通信網路業","吳素秋","田瑛睿"
="2323","中環","市","11/19","9.17","-0.21","-2.24","10","109","108.9","99.9","47","33.8","有","","","有","","","光電業","翁明顯","關山孝行"
="2324","仁寶","市","11/19","29.4","+0.75","+2.62","10","441","440.7","1,296","41.5","33.8","有","有","有","","","","電腦及週邊設備業","陳瑞聰","Anthony Peter Bonadero"
="2327","國巨*","市","11/19","225","-4","-1.75","2.5","51.8","207.3","4,664","38.2","32.1","有","","有","有","","","電子零組件業","陳泰銘","王淡如"
="2328","廣宇","市","11/19","46","-0.5","-1.08","10","51.8","51.83","238","54.5","32","有","","有","","","","電子零組件業","李光曜","蔡明峰"
="2329","華泰","市","11/19","47.55","-3.15","-6.21","10","74","56.02","266","54.4","31.6","有","","有","","","有","半導體業","董悦明","涂家榮"
="2330","台積電","市","11/19","1395","-10","-0.71","10","2,593","2,593","361,760","38.7","31.2","有","有","有","有","","","半導體業","魏哲家","總裁: 魏哲家"
="2331","精英","市","11/19","20.4","+0.2","+0.99","10","55.7","55.74","114","38.5","31.2","有","","有","","","","電腦及週邊設備業","張榮華","陳嘉生"
="2332","友訊","市","11/19","14.9","-0.3","-1.97","10","60.2","60.23","89.7","38.4","31.1","有","","有","","","","通信網路業","郭金河","陳宜"
="2337","旺宏","市","11/19","36.4","-1.25","-3.32","10","186","185.6","676","35.9","30.7","有","","有","有","有","","半導體業","吳敏求","盧志遠"
="2338","光罩","市","11/19","33.5","-0.7","-2.05","10","31.7","31.68","106","37.1","30.6","有","","有","有","有","","半導體業","凃俊光","陳立惇"
="2340","台亞","市","11/19","23.2","-0.65","-2.73","10","43.9","43.86","102","41.9","30.6","有","","有","","有","","半導體業","李國光","蔡育軒"
="2342","茂矽","市","11/19","28.7","-0.5","-1.71","10","15.8","15.76","45.2","38.9","30.2","","","","","","","半導體業","唐亦仙","盧建志"
="2344","華邦電","市","11/19","59.4","-2","-3.26","10","450","450","2,673","38.1","30.1","有","","有","","","","半導體業","焦佑鈞","陳沛銘"
="2345","智邦","市","11/19","914","-7","-0.76","10","56.1","56.11","5,129","37.8","30","有","","有","有","","","通信網路業","黃國修","李訓德"
="2347","聯強","市","11/19","58.8","+0.3","+0.51","10","167","166.8","981","37.2","29.9","有","","有","","","","電子通路業","苗豐強","杜書伍"
="2348","海悅","市","11/19","77","-1.3","-1.66","10","18.2","15.19","117","38.3","29.9","","","有","","","有","其他業","黃希文","王俊傑"
"2348A","海悅甲特","市","11/19","36.7","+0.15","+0.41","","","3","11","","4.15","","","","","","","其他業","",""
="2349","錸德","市","11/19","8.89","-0.04","-0.45","10","69.4","69.37","61.7","36.9","29.6","","","有","","","","光電業","葉垂景","王鼎章"
="2351","順德","市","11/19","78.6","-2.4","-2.96","10","18.2","18.21","143","58.1","29.6","","","有","","","","半導體業","陳朝雄","陳維德"
="2352","佳世達","市","11/19","26.85","+0.3","+1.13","10","158","158","424","41.6","29.3","有","","有","有","","","電腦及週邊設備業","陳其宏","黃漢州"
="2353","宏碁","市","11/19","27.4","-0.4","-1.44","10","305","304.8","835","49.3","29.2","有","有","有","","","","電腦及週邊設備業","陳俊聖","簡慧祥"
="2354","鴻準","市","11/19","64.2","-0.2","-0.31","10","141","141.4","908","35.6","29.1","有","","有","","","","其他電子業","陳國寶","潘彥仁"
="2355","敬鵬","市","11/19","29.3","-0.6","-2.01","10","39.7","39.75","116","46.2","29.1","有","","有","","","","電子零組件業","曾劉玉枝","林玉女"
="2356","英業達","市","11/19","40.65","-0.2","-0.49","10","359","358.8","1,458","50.5","29","有","","有","","","","電腦及週邊設備業","葉力誠","蔡枝安"
="2357","華碩","市","11/19","566","+3","+0.53","10","74.3","74.28","4,204","35.6","29","有","有","有","","","","電腦及週邊設備業","施崇棠","許先越/胡書賓"
="2359","所羅門","市","11/19","119.5","-0.5","-0.42","10","17.1","17.15","205","35.5","28.9","","","有","","","","其他電子業","陳政隆","陳政隆"
="2360","致茂","市","11/19","770","+24","+3.22","10","42.5","42.53","3,275","41","28.9","有","","有","","","","其他電子業","黃欽明","黃欽明"
="2362","藍天","市","11/19","40.2","-0.8","-1.95","10","62.2","62.23","250","42.1","28.6","","","有","","","","電腦及週邊設備業","許崑泰","蔡明賢"
="2363","矽統","市","11/19","46.7","-0.9","-1.89","10","51.5","51.5","240","38.2","28.3","","","有","","","","半導體業","洪嘉聰","戎樂天"
="2364","倫飛","市","11/19","69.5","-2.6","-3.61","10","5.24","5.24","36.4","41.7","28.3","","","","","","有","電腦及週邊設備業","高育仁","高思復"
="2365","昆盈","市","11/19","32.95","-0.2","-0.6","10","22.2","22.15","73","42","28","","","有","","","","電腦及週邊設備業","卓世坤","李百祥"
="2367","燿華","市","11/19","23.15","-0.45","-1.91","10","70.6","70.63","163","40.9","27.9","有","","有","","","","電子零組件業","張元銘","洪顯青"
="2368","金像電","市","11/19","522","+15","+2.96","10","49.2","49.18","2,567","44.2","27.7","有","","有","有","","","電子零組件業","楊承澤","楊承澤"
="2369","菱生","市","11/19","20.2","-1.5","-6.91","10","38","38.01","76.8","52.6","27.6","","","有","","","","半導體業","葉樹泉","蔡澤松"
="2371","大同","市","11/19","32.05","+0.55","+1.75","10","215","215.1","689","75.6","63.8","有","","有","有","","","電機機械","張榮華","張松鑌"
="2373","震旦行","市","11/19","56.4","+0.2","+0.36","10","23.6","23.62","133","62.3","34.3","","","","","","","其他電子業","馬志賢","游炎林"
="2374","佳能","市","11/19","77.8","-1.2","-1.52","10","29","32.46","253","60.5","30.8","","","有","有","","","光電業","章孝祺","章孝祺"
="2375","凱美","市","11/19","95.7","+2","+2.13","10","10.9","10.87","104","47.2","27.2","","","有","","","","電子零組件業","呂紹萍","劉文亮"
="2376","技嘉","市","11/19","239.5","-6.5","-2.64","10","67","66.99","1,604","39.6","27.2","有","","有","有","","","電腦及週邊設備業","葉培城","李宜泰/林英宇"
="2377","微星","市","11/19","101.5","-1.5","-1.46","10","84.5","84.49","858","39.3","27.1","有","有","有","","","","電腦及週邊設備業","徐祥","黃金請"
="2379","瑞昱","市","11/19","488.5","-5","-1.01","10","51.3","51.29","2,505","38.1","27.1","有","","有","","","","半導體業","邱順建","顏光裕"
="2380","虹光","市","11/19","4.99","+0.05","+1.01","10","21.7","21.69","10.8","34.6","27","","","","","有","","電腦及週邊設備業","盛少瀾","盛少瀾"
="2382","廣達","市","11/19","267","-3","-1.11","10","386","386.3","10,313","37.5","26.9","有","有","","","","","電腦及週邊設備業","林百里","梁次震"
="2383","台光電","市","11/19","1330","-20","-1.48","10","35.8","34.68","4,612","33.7","28.9","有","","有","有","","","電子零組件業","董定宇","董定宇"
="2385","群光","市","11/19","118.5","-2","-1.66","10","76","76.01","901","42.7","26.9","有","","有","","","","電子零組件業","許崑泰","呂進宗"
="2387","精元","市","11/19","39.05","-0.4","-1.01","10","19.5","19.53","76.2","34.3","26.8","","","有","","","","電腦及週邊設備業","蔡火爐","李明擇"
="2388","威盛","市","11/19","48.4","-0.6","-1.22","10","55.6","55.56","269","33.2","26.7","有","","有","","","","半導體業","陳文琦","陳文琦"
="2390","云辰","市","11/19","9.14","-0.03","-0.33","10","19.3","19.26","17.6","45.6","26.4","","","","","","","其他電子業","張姿玲","呂麗筑"
="2392","正崴","市","11/19","37.45","-1.45","-3.73","10","51.2","51.23","192","39.4","26.2","有","","有","有","","","電子零組件業","郭台強","郭台強"
="2393","億光","市","11/19","51.7","-2.3","-4.26","10","44.3","44.34","229","42.5","26","有","","有","","","","光電業","葉寅夫","葉寅夫"
="2395","研華","市","11/19","276.5","-4.5","-1.6","10","86.4","86.42","2,389","44.2","25.9","","","","","","","電腦及週邊設備業","劉克振","陳清熙、蔡淑妍、張家豪"
="2397","友通","市","11/19","60.3","+0.7","+1.17","10","11.4","11.45","69","44.4","25.8","","","","","","","電腦及週邊設備業","陳其宏","田芝穎"
="2399","映泰","市","11/19","21.05","-0.95","-4.32","10","17.8","17.81","37.5","35.2","25.9","","","","","","","電腦及週邊設備業","王明義","王明正"
="2401","凌陽","市","11/19","19.4","-0.4","-2.02","10","59.2","59.2","115","35.3","28.2","有","","有","","","","半導體業","黃洲杰","黃洲杰"
="2402","毅嘉","市","11/19","46","0","0","10","30.8","30.75","141","36","25.9","","","有","有","","","電子零組件業","黃秋永","曾恭勝"
="2404","漢唐","市","11/19","777","+15","+1.97","10","19.1","19.06","1,481","43.2","27.8","有","","有","有","","","其他電子業","李惠文","賴志明"
="2405","輔信","市","11/19","16.65","-0.15","-0.89","10","34.3","34.34","57.2","42.4","25.7","","","","","","","電腦及週邊設備業","余麗娜","鄭瑋勳"
="2406","國碩","市","11/19","19.7","-0.4","-1.99","10","35.1","35.09","69.1","28.7","25.6","","","","有","","","光電業","陳繼明","鍾高原"
="2408","南亞科","市","11/19","160","-0.5","-0.31","10","310","309.9","4,958","30.7","25.3","有","","有","有","","","半導體業","鄒明仁","李培瑛"
="2409","友達","市","11/19","11","-0.15","-1.35","10","755","754.7","830","29.3","25.2","有","有","有","","","","光電業","彭又又浪","柯富仁"
="2412","中華電","市","11/19","130.5","-0.5","-0.38","10","776","775.7","10,123","29.4","25.1","有","有","有","","","","通信網路業","簡志誠","林榮賜"
="2413","環科","市","11/19","25.1","+2.25","+9.85","10","12.7","12.74","32","41.8","27.1","","","","","","","電子零組件業","歐仁傑","歐仁傑"
="2414","精技","市","11/19","40.25","-0.05","-0.12","10","16.2","16.17","65.1","46.7","27.8","","","","","","","電子通路業","葉佳紋","李盈芳"
="2415","錩新","市","11/19","25.9","-0.75","-2.81","10","9","9","23.3","53.7","27.9","","","","","","","電子零組件業","丁廣欽","蕭伊宏"
="2417","圓剛","市","11/19","35","-0.1","-0.28","10","15.7","15.75","55.1","35.8","28.5","","","","","","","電腦及週邊設備業","郭重松","郭重松"
="2419","仲琦","市","11/19","21.05","-0.3","-1.41","10","32.1","32.13","67.6","39.7","26.9","","","有","","","","通信網路業","黃文芳","周暘智"
="2420","新巨","市","11/19","48.6","-0.2","-0.41","10","15.3","15.26","74.2","42.6","25.2","","","有","","","","電子零組件業","高銘傳","鄭秋怡"
="2421","建準","市","11/19","178","-0.5","-0.28","10","27.3","27.34","487","45.1","25.2","有","","有","","","","電子零組件業","洪慶昇","洪慶昇"
="2423","固緯","市","11/19","50.7","+0.1","+0.2","10","14.5","14.5","73.5","50.2","25.2","","","","","","","其他電子業","林錦章","張朝明"
="2424","隴華","市","11/19","37.6","-1.2","-3.09","10","5.83","5.83","21.9","52.8","25.2","","","","","有","","通信網路業","王雅萱","王雅萱"
="2425","承啟","市","11/19","27.1","-0.85","-3.04","10","9.65","9.65","26.2","39","27.8","","","","","","","電腦及週邊設備業","高樹榮","高樹榮"
="2426","鼎元","市","11/19","14.9","-0.15","-1","10","30.1","30.06","44.8","38.6","27","","","","有","","","光電業","蘇峯正","李榮寰"
="2427","三商電","市","11/19","26.35","+0.25","+0.96","10","19.7","19.73","52","48.9","25.2","","","","有","","","資訊服務業","陳翔中","陳翔中"
="2428","興勤","市","11/19","195","+6","+3.17","10","12.8","12.81","250","46.3","25.2","","","有","","","","電子零組件業","隋台中","隋台中"
="2429","銘旺科","市","11/19","75.1","-2.5","-3.22","10","8.55","8.55","64.2","47","26.6","","","","","有","","光電業","周維昆","潘進興"
="2430","燦坤","市","11/19","23.65","-0.15","-0.63","10","11.7","11.68","27.6","47","28.5","","","","","","","電子通路業","林技典","NA"
="2431","聯昌","市","11/19","11.15","-0.05","-0.45","10","11.1","11.09","12.4","56.9","28.8","","","","","","","電子零組件業","連昭志","林春連"
="2432","倚天酷碁-創","市","11/19","26.4","-0.25","-0.94","10","6.19","6.19","16.3","39.7","2.47","","","","","","","電腦及週邊設備業","高樹國","鍾逸鈞"
="2433","互盛電","市","11/19","47.55","-0.05","-0.11","10","14.4","14.45","68.7","41.2","26.5","","","","","","","其他電子業","廖慶章","陳國盈"
="2434","統懋","市","11/19","32.4","-3.25","-9.12","10","3.7","3.7","12","38.7","25.2","","","","","有","","半導體業","翁淑貞","唐永渝"
="2436","偉詮電","市","11/19","43.15","-0.95","-2.15","10","20.2","20.15","87","36.4","25.2","","","有","有","","","半導體業","林錫銘","林登信"
="2438","翔耀","市","11/19","21.85","-0.05","-0.23","10","6.52","6.52","14.2","43.8","28.9","","","","","有","","光電業","林以山","高玉強"
="2439","美律","市","11/19","108","-2","-1.82","10","25.4","25.39","274","49.9","25.2","有","","有","有","","","通信網路業","廖祿立","黃朝豊"
="2440","太空梭","市","11/19","12.5","-0.1","-0.79","10","13.9","13.91","17.4","40.1","25","","","","","有","","電子零組件業","王玄輝","王建成"
="2441","超豐","市","11/19","72.6","+0.1","+0.14","10","56.9","56.88","413","42.7","25.1","有","","","","","","半導體業","謝永達","紀有章"
="2442","新美齊","市","11/19","23","0","0","10","26.6","26.89","61.8","39.9","25","","","","有","有","","建材營造業","林傳捷","紀榮村"
="2444","兆勁","市","11/19","10.7","+0.05","+0.47","10","10.2","10.16","10.9","30.4","24.9","","","","有","有","","通信網路業","紀政孝","紀政孝"
="2449","京元電子","市","11/19","196.5","-1.5","-0.76","10","122","122.3","2,403","38.5","24.5","有","","有","","","","半導體業","李金恭","張高薰"
="2450","神腦","市","11/19","28.75","+0.05","+0.17","10","25.8","25.83","74.2","46.5","24.5","","","","","","","通信網路業","余政憲","林保雍"
="2451","創見","市","11/19","204.5","+4.5","+2.25","10","43.1","43.07","881","36.2","24.5","","","有","","","","半導體業","束崇萬","張宗凱"
="2453","凌群","市","11/19","51.7","-0.2","-0.39","10","10","10","51.7","50.3","24.5","","","","","","","資訊服務業","劉瑞復","劉瑞隆"
="2454","聯發科","市","11/19","1160","-10","-0.85","10","160","160.4","18,605","28.5","24.3","有","有","有","","","","半導體業","蔡明介","陳冠州"
="2455","全新","市","11/19","140","-3","-2.1","10","18.5","18.49","259","29","23.8","有","","有","","","","通信網路業","陳建良","黃朝興"
="2457","飛宏","市","11/19","28.95","-1.3","-4.3","10","42.5","42.48","123","52.9","25.8","有","","有","有","","","電子零組件業","林中民","林冠宏"
="2458","義隆","市","11/19","126","-5","-3.82","10","30.4","30.39","383","31.5","24.2","有","","有","","","","半導體業","葉儀皓","葉儀皓"
="2459","敦吉","市","11/19","66.2","+0.6","+0.91","10","10.6","10.56","69.9","45.3","24.2","","","","","","","其他電子業","鍾元凱","鍾元凱"
="2460","建通","市","11/19","14.4","-0.5","-3.36","10","16.9","16.92","24.4","32.3","25.8","","","","","","","電子零組件業","蘇敦禮","何易霖"
="2461","光群雷","市","11/19","15.1","0","0","10","17.4","17.36","26.2","37.6","25.9","","","","有","","","其他電子業","郭維武","郭維武"
="2462","良得電","市","11/19","21.15","-0.1","-0.47","10","15","15.01","31.8","47.3","24.2","","","","","有","","電子零組件業","陳龍水","陳龍水"
="2464","盟立","市","11/19","57.6","-0.9","-1.54","10","20.6","20.65","119","36.8","24.2","","","有","","","","其他電子業","孫弘","林世東"
="2465","麗臺","市","11/19","52.5","+1","+1.94","10","8.39","9.39","49.3","39.1","24.2","","","","","有","","電腦及週邊設備業","盧崑山","梁傳杰"
="2466","冠西電","市","11/19","55.2","+1.7","+3.18","10","17.3","17.35","95.7","44.5","24.2","","","","","有","","光電業","謝淑娟","黃琮善"
="2467","志聖","市","11/19","170.5","+0.5","+0.29","10","15.7","15.68","267","47.6","24.2","","","有","","","","電子零組件業","梁茂生","梁又文"
="2468","華經","市","11/19","41","-0.2","-0.49","10","7","7","28.7","48.6","26","","","","有","","","資訊服務業","袁興文","唐宇華、楊正寧"
="2471","資通","市","11/19","47.9","-0.2","-0.42","10","4.73","4.73","22.6","45","24.2","","","","","","","資訊服務業","余宏揚","林青龍"
="2472","立隆電","市","11/19","98.7","-1.2","-1.2","10","16.5","16.47","163","49.8","25.5","","","有","有","","","電子零組件業","吳志銘","吳志銘"
="2474","可成","市","11/19","207.5","+2","+0.97","10","62.4","62.37","1,294","41","24.2","有","有","有","","","","其他電子業","洪水樹","洪天賜"
="2476","鉅祥","市","11/19","86.5","-1","-1.14","10","21.1","21.09","182","50.8","24.2","","","有","","","","電子零組件業","林於晃","林映碩"
="2477","美隆電","市","11/19","23.2","-0.6","-2.52","10","15.9","15.86","36.8","52.8","25.7","","","","","","","其他電子業","吳明賢","吳堂誌"
="2478","大毅","市","11/19","63.9","-1.5","-2.29","10","14.5","14.47","92.5","35.9","26.2","","","有","","","","電子零組件業","江財寶","江財寶"
="2480","敦陽科","市","11/19","144","-1","-0.69","10","10.6","10.64","153","32.7","24.2","","","有","有","","","資訊服務業","梁修宗","梁修宗"
="2481","強茂","市","11/19","80.9","-4.2","-4.94","10","38.2","38.21","309","39.5","24.2","有","","有","","","","半導體業","方敏清","方敏清"
="2482","連宇","市","11/19","16.7","-0.15","-0.89","10","7.79","7.79","13","42.1","24.2","","","","","","","其他電子業","羅鋇","羅鋇(暫代)"
="2483","百容","市","11/19","19.15","-0.15","-0.78","10","10.8","10.79","20.7","44","26.2","","","","","","","電子零組件業","廖本林","廖本林"
="2484","希華","市","11/19","19.75","-0.15","-0.75","10","15.9","15.94","31.5","37.8","24.2","","","","","","","電子零組件業","曾穎堂","曾榮孟"
="2485","兆赫","市","11/19","17.05","-0.55","-3.12","10","31.8","31.77","54.2","44.7","26","有","","","","","","通信網路業","黃啟瑞","林慶輝"
="2486","一詮","市","11/19","98.9","-3.1","-3.04","10","23.4","23.4","231","48.3","25.7","有","","有","有","","","光電業","周萬順","周萬順"
="2488","漢平","市","11/19","45.15","-0.15","-0.33","10","8","8","36.1","56.6","24.2","","","","","","","其他電子業","劉深鏗","劉深鏗"
="2489","瑞軒","市","11/19","14.75","-0.45","-2.96","10","61","61","90","31.3","26.1","有","","有","有","","","光電業","吳春發","吳旭軒"
="2491","吉祥全","市","11/19","13.5","-0.3","-2.17","10","8.2","8.2","11.1","30.6","25.7","","","","","","","光電業","陳碧華","羅光偉"
="2492","華新科","市","11/19","118","-0.5","-0.42","10","48.6","48.58","573","55.3","28","有","","有","有","","","電子零組件業","焦佑衡","曾明燦"
="2493","揚博","市","11/19","86.7","-0.6","-0.69","10","12.7","12.68","110","45.1","23.8","","","","","","","電子零組件業","蘇勝義","蘇勝義"
="2495","普安","市","11/19","25.7","-2.45","-8.7","10","27.4","27.36","70.3","32.8","23.7","","","有","","","","電腦及週邊設備業","羅仕東","羅仕東"
="2496","卓越","市","11/19","68.2","0","0","10","1.91","1.91","13","34.4","23.7","","","","有","","","其他業","曾淑鈴","曾淑鈴"
="2497","怡利電","市","11/19","40.65","+0.3","+0.74","10","12.3","12.28","49.9","42.4","23.8","","","有","有","","","汽車工業","陳錫勳","陳錫勳"
="2498","宏達電","市","11/19","49.05","+0.2","+0.41","10","83.5","83.52","410","28.5","23.7","有","有","有","","","","通信網路業","王雪紅","王雪紅"
="2501","國建","市","11/19","20.95","-0.15","-0.71","10","116","116","243","61","58.1","","","有","","","","建材營造業","張清櫆","李虹明"
="2504","國產","市","11/19","34.75","+0.25","+0.72","10","118","118","410","71","47.7","","","有","","","","建材營造業","徐蘭英","吳志仁"
="2505","國揚","市","11/19","18.4","-0.05","-0.27","10","38","38","69.9","53.5","46","","","","有","","","建材營造業","林子寛","彭邵齡"
="2506","太設","市","11/19","9.51","-0.13","-1.35","10","38.7","38.7","36.8","58.4","45.8","","","","有","有","","建材營造業","柳逸義","陳清暉"
="2509","全坤建","市","11/19","14.4","-0.1","-0.69","10","22.5","22.46","32.3","52.8","37.5","","","","","","","建材營造業","李勇毅","江清峰"
="2511","太子","市","11/19","8.23","-0.14","-1.67","10","162","162.3","134","52.2","34.6","","","","有","","","建材營造業","羅智先","林宏俊"
="2514","龍邦","市","11/19","14.45","0","0","10","39.5","39.47","57","37.8","33.1","","","","有","","","其他業","劉偉龍","劉偉龍"
="2515","中工","市","11/19","15.25","-1.6","-9.5","10","153","153.1","233","75.2","32.7","有","","有","","","","建材營造業","周志明","周志明"
="2516","新建","市","11/19","14.05","-0.25","-1.75","10","22.6","22.63","31.8","58","32.5","","","","","","","建材營造業","鄒宏基","賴調燦"
="2520","冠德","市","11/19","32.35","-0.75","-2.27","10","60.9","60.95","197","46","32.1","有","","有","有","","","建材營造業","馬志綱","張勝安"
="2524","京城","市","11/19","39.7","-0.25","-0.63","10","37","36.99","147","40.2","31.1","","","有","","","","建材營造業","蔡天贊","蔡天贊"
="2527","宏璟","市","11/19","24.9","-0.15","-0.6","10","27","27.03","67.3","38.9","30.7","","","","","","","建材營造業","簡文祥","周家佩"
="2528","皇普","市","11/19","29.5","-0.3","-1.01","10","43.4","43.4","128","40.8","30.7","","","","有","","","建材營造業","蘇永平","蘇永平"
="2530","華建","市","11/19","27.15","-0.35","-1.27","10","84","84","228","64.9","30.1","","","","有","","","建材營造業","鄭斯聰","黃智楨"
="2534","宏盛","市","11/19","20.05","-0.05","-0.25","10","47.4","47.42","95.1","39.4","29.8","","","","","","","建材營造業","林新欽","陸永富"
="2535","達欣工","市","11/19","60.5","-0.5","-0.82","10","27.1","27.08","164","58.8","29.7","","","","有","","","建材營造業","王人正","代理總經理 謝天賀"
="2536","宏普","市","11/19","25.45","+0.15","+0.59","10","33.3","33.28","84.7","37.1","29.7","","","","有","","","建材營造業","游武龍","游武龍"
="2537","聯上發","市","11/19","10.25","0","0","10","30.1","30.06","30.8","38.3","29.2","","","","有","","","建材營造業","蘇永義","李志明"
="2538","基泰","市","11/19","10.85","-0.2","-1.81","10","44.5","44.5","48.3","46","29.1","","","","有","","","建材營造業","楊儲明","馮先勉"
="2539","櫻花建","市","11/19","43.6","-1.5","-3.33","10","119","119.3","520","38.6","28.3","","","","","","","建材營造業","陳世英","沈淑貞"
="2540","愛山林","市","11/19","46","-0.1","-0.22","10","94.5","94.49","435","39.2","35.9","","","有","有","","","建材營造業","祝文宇","祝藝"
="2542","興富發","市","11/19","37.25","-0.75","-1.97","10","217","217.3","809","45.8","26.6","有","","有","有","","","建材營造業","曹淵博","范華軍"
="2543","皇昌","市","11/19","60.9","+2.5","+4.28","10","53.2","53.24","324","44.8","26.1","","","有","","","","建材營造業","江程金","黃重雷"
="2545","皇翔","市","11/19","37.85","-0.45","-1.17","10","38","37.97","144","34","25.2","","","有","","","","建材營造業","廖年吉","廖宇祥"
="2546","根基","市","11/19","87.4","-0.8","-0.91","10","13.1","13.05","114","43.6","27.4","","","","","","","建材營造業","袁藹維","黃義芳/陳俊明"
="2547","日勝生","市","11/19","10.45","-0.1","-0.95","10","104","103.5","108","43.7","24.9","","","有","有","","","建材營造業","林榮顯","劉垚凱"
="2548","華固","市","11/19","97","-0.2","-0.21","10","32","31.97","310","36.6","25.3","有","","有","有","","","建材營造業","鍾榮昌","洪嘉昇"
="2597","潤弘","市","11/19","160.5","0","0","10","31.1","31.07","499","50","15.7","","","","","","","建材營造業","李志宏","莫惟瀚"
="2601","益航","市","11/19","5.53","+0.01","+0.18","10","82.5","82.48","45.6","62.1","60","","","","","","","貿易百貨業","郭人豪","郭人豪"
="2603","長榮","市","11/19","179.5","0","0","10","217","216.5","3,886","57.2","38.2","有","有","有","有","","","航運業","張衍義","吳光輝"
="2605","新興","市","11/19","23.25","-0.05","-0.21","10","58.5","58.54","136","57.7","36","有","","有","","","","航運業","許積皋","許積皋"
="2606","裕民","市","11/19","54.9","+0.3","+0.55","10","84.5","84.51","464","57.2","35","有","","有","有","","","航運業","徐旭東","王書吉"
="2607","榮運","市","11/19","57","+0.8","+1.42","10","53.4","53.36","304","52.1","34.9","","","","","","","航運業","邱顯育","林振芳"
="2608","嘉里大榮","市","11/19","33.35","-0.15","-0.45","10","46.7","46.7","156","65.9","34.9","","","","","","","航運業","沈宗桂","財務暨行政總處：阮慧雯"
="2609","陽明","市","11/19","51.5","-0.1","-0.19","10","349","349.2","1,798","52.9","33.6","有","","有","有","","","航運業","蔡豐明","白崑榮"
="2610","華航","市","11/19","19.05","+0.1","+0.53","10","608","608.4","1,159","66.2","32.7","有","","有","有","","","航運業","高星潢","陳漢銘"
="2611","志信","市","11/19","14.6","-0.4","-2.67","10","18.9","18.9","27.6","52","32.1","","","","","","","航運業","黃春發","陳秀奇"
="2612","中航","市","11/19","51.2","0","0","10","19.7","19.75","101","47.8","31.1","","","有","有","","","航運業","彭士孝","戴聖堅"
="2613","中櫃","市","11/19","23.5","-0.2","-0.84","10","14.8","14.84","34.9","56","30.8","","","","","","","航運業","林宏年","黃國樑"
="2614","東森","市","11/19","21.45","-0.45","-2.05","10","30","32.73","70.2","50.5","30.2","","","","","","","其他業","廖尚文","廖尚文"
="2615","萬海","市","11/19","82.5","-0.8","-0.96","10","281","280.6","2,315","60.7","29.5","有","","有","有","","","航運業","久福花園股份有限公司","謝福隆"
="2616","山隆","市","11/19","13.65","-0.05","-0.36","10","13.7","13.73","18.7","49.6","28","","","","有","","","油電燃氣業","鄭人豪","蕭煒騰"
="2617","台航","市","11/19","28.8","-0.6","-2.04","10","41.7","41.73","120","79.4","27.4","","","","","","","航運業","劉文慶","仇忠林"
="2618","長榮航","市","11/19","33.55","+0.4","+1.21","10","540","540","1,812","36.6","26.1","有","有","有","有","","","航運業","林寶水","孫嘉明"
="2630","亞航","市","11/19","46.9","-0.45","-0.95","10","20.9","20.94","98.2","70.8","7.74","","","有","有","","","航運業","李偉賢","李偉賢"
="2633","台灣高鐵","市","11/19","27.8","-0.1","-0.36","10","563","562.8","1,565","27.5","9.06","有","","","有","有","","航運業","史哲","陳惠裕"
="2634","漢翔","市","11/19","47.35","-0.15","-0.32","10","94.2","94.19","446","29.4","11.2","有","","有","有","","","航運業","待委任(由曹進平總經理代理董事長職務)","曹進平"
="2636","台驊控股","市","11/19","65.2","-0.3","-0.46","10","14.2","14.18","92.5","38.8","16.6","","","有","有","","","航運業","張立秋","顏益財"
="2637","慧洋-KY","市","11/19","63.3","-0.3","-0.47","10","74.6","74.64","472","17.1","15","","","有","有","","","航運業","藍俊昇","藍俊昇"
="2642","宅配通","市","11/19","26.8","-0.2","-0.74","10","9.55","9.55","25.6","26.2","11.9","","","","","","","航運業","邱純枝","徐慶懿"
="2645","長榮航太","市","11/19","137.5","+2","+1.48","10","37.5","37.46","515","28","2.69","","","有","","","","航運業","黃南宏","謝新文"
="2646","星宇航空","市","11/19","23.25","+0.2","+0.87","10","301","300.9","700","7.6","1.07","","","有","","","","航運業","張國煒","翟健華"
="2701","萬企","市","11/19","11.05","-0.1","-0.9","10","45","45","49.7","67.7","60.7","","","","","","","觀光餐旅","蔡茂昌","吳雅珍"
="2702","華園","市","11/19","11.4","-0.1","-0.87","10","15.7","15.66","17.9","66.3","60.8","","","","","","","觀光餐旅","陳海尼","陳海尼"
="2704","國賓","市","11/19","41.9","+0.15","+0.36","10","36.7","36.69","154","63","43","","","","","","","觀光餐旅","許育瑞","許家堯"
="2705","六福","市","11/19","16.65","-0.1","-0.6","10","19.1","19.13","31.9","57.8","36.9","","","","","有","","觀光餐旅","莊豐如","賴振融"
="2706","第一店","市","11/19","13","+0.05","+0.39","10","50","50","65","57.1","34.4","","","","","","","觀光餐旅","顧安生","徐小華"
="2707","晶華","市","11/19","189.5","+0.5","+0.26","10","12.7","12.74","241","49.4","27.7","","","","有","","","觀光餐旅","潘思亮","吳偉正"
="2712","遠雄來","市","11/19","19.25","+0.1","+0.52","10","10.5","10.5","20.2","34.8","12","","","","","","","觀光餐旅","武祥生","沈建劭"
="2722","夏都","市","11/19","27.55","-0.45","-1.61","10","14.3","14.32","39.4","30.1","13.7","","","","","","","觀光餐旅","陳協同","王慶祺"
="2723","美食-KY","市","11/19","60.2","0","0","10","18","18","108","17.1","15","","","","","","","觀光餐旅","吳政學","吳政學"
="2727","王品","市","11/19","213.5","+1","+0.47","10","8.45","8.45","180","32","13.7","","","有","有","","","觀光餐旅","陳正輝","陳正輝"
="2731","雄獅","市","11/19","179.5","+3","+1.7","10","9.33","9.33","167","48.4","12.2","","","有","有","","","觀光餐旅","王文傑","黃信川"
="2739","寒舍","市","11/19","35","-0.6","-1.69","10","9.15","9.15","32","25.8","9.51","","","","","","","觀光餐旅","蔡伯翰","蔡伯翰"
="2748","雲品","市","11/19","43.25","-0.65","-1.48","10","10.6","10.58","45.7","13","8.99","","","","有","","","觀光餐旅","盛治仁","丁原偉"
="2753","八方雲集","市","11/19","193.5","-1.5","-0.77","10","6.66","6.66","129","25.8","4.2","","","有","","","","觀光餐旅","林欣怡","林欣怡"
="2762","世界健身-KY","市","11/19","78.1","+1.5","+1.96","10","11.2","11.25","87.9","12","1.82","","","","","","","運動休閒","柯約翰","柯約翰"
="2801","彰銀","市","11/19","19.8","-0.1","-0.5","10","1,177","1,177","2,330","75.4","63.8","有","有","有","","","","銀行業","胡光華","簡志光"
="2812","台中銀","市","11/19","21","-0.05","-0.24","10","592","592.2","1,244","72.2","41.5","","","","","","","銀行業","李瑞倉","董益源"
="2816","旺旺保","市","11/19","28.85","+0.65","+2.3","10","22.4","22.36","64.5","62.8","33.5","","","","","","","保險業","洪吉雄","劉自明"
="2820","華票","市","11/19","16.5","+0.2","+1.23","10","134","134.3","222","47","31.1","","","","","","","銀行業","張政權","魏政祥"
="2832","台產","市","11/19","49.6","-0.35","-0.7","10","25.4","25.35","126","77.7","28.1","","","","","","","保險業","李泰宏","陳昭鋒"
="2834","臺企銀","市","11/19","15.35","-0.05","-0.32","10","972","971.8","1,492","75.2","27.9","有","","有","","","","銀行業","李嘉祥","李國忠"
="2836","高雄銀","市","11/19","11.85","-0.1","-0.84","10","188","184","218","43.9","27.5","","","","有","","有","銀行業","陳勇勝(代理)","張榮泰(代理)"
"2836A","高雄銀甲特","市","11/19","23.1","0","0","","","4","9.24","","4.85","","","","","","","銀行業","",""
="2838","聯邦銀","市","11/19","18.6","0","0","10","454","434.1","807","33.9","27.4","","","","","","有","銀行業","林鴻聯","許維文"
"2838A","聯邦銀甲特","市","11/19","54.5","+0.1","+0.18","","","20","109","","7.97","","","","","","","銀行業","",""
="2845","遠東銀","市","11/19","12.45","0","0","10","438","486.5","606","33.9","27","","","有","有","","","銀行業","張家祝(代理董事長)","周添財"
="2849","安泰銀","市","11/19","13.05","+0.1","+0.77","10","196","195.8","255","33.5","26.1","","","","","有","","銀行業","俞宇琦","徐世偉"
="2850","新產","市","11/19","115","+0.5","+0.44","10","31.6","31.6","363","62.6","25.5","","","","","","","保險業","吳昕紘","何英蘭"
="2851","中再保","市","11/19","25.65","-0.15","-0.58","10","80","80.04","205","57.4","25.4","","","","","","","保險業","戴錦銓","鍾志宏"
="2852","第一保","市","11/19","27.05","0","0","10","30.1","30.12","81.5","63.2","25","","","","","","","保險業","李正漢","陳信坤"
="2855","統一證","市","11/19","23.8","-0.05","-0.21","10","160","160.1","381","36.9","26.8","","","","","","","證券業","林寬成","楊凱智"
="2867","三商壽","市","11/19","7.16","0","0","10","590","590","422","32.4","12.9","","","","有","","","保險業","翁肇喜","陳宏昇"
="2880","華南金","市","11/19","28.35","-0.2","-0.7","10","1,392","1,392","3,945","23.9","23.9","有","有","有","有","","","金控業","陳芬蘭","李耀卿"
="2881","富邦金","市","11/19","88.1","-1.4","-1.56","10","1,561","1,401","12,340","23.9","23.9","有","有","有","有","","有","金控業","蔡明興","韓蔚廷"
"2881A","富邦特","市","11/19","63.5","0","0","","","60","381","","9.47","","","","","","","金控業","",""
"2881B","富邦金乙特","市","11/19","62","0","0","","","66.67","413","","7.58","","","","","","","金控業","",""
"2881C","富邦金丙特","市","11/19","53.7","0","0","","","33.33","179","","4.06","","","","","","","金控業","",""
="2882","國泰金","市","11/19","64.2","-0.6","-0.93","10","1,620","1,467","9,418","23.9","23.9","有","有","有","有","","有","金控業","蔡宏圖","李長庚"
"2882A","國泰特","市","11/19","60.7","-0.1","-0.16","","","83.33","506","","8.84","","","","","","","金控業","",""
"2882B","國泰金乙特","市","11/19","60.1","0","0","","","70","421","","7.29","","","","","","","金控業","",""
="2883","凱基金","市","11/19","15.3","-0.2","-1.29","10","1,856","1,698","2,597","23.9","23.9","有","","有","有","","有","金控業","王銘陽","楊文鈞"
"2883B","凱基金乙特","市","11/19","7.65","0","0","","","158.2","121","","3.89","","","","","","","金控業","",""
="2884","玉山金","市","11/19","30","+0.1","+0.33","10","1,617","1,617","4,852","23.8","23.8","有","有","有","有","","","金控業","黃男州","陳茂欽"
="2885","元大金","市","11/19","34.9","-0.3","-0.85","10","1,333","1,333","4,653","23.8","23.8","有","有","有","有","","","金控業","翁健","黃維誠"
="2886","兆豐金","市","11/19","38.95","-0.45","-1.14","10","1,483","1,483","5,778","23.8","23.8","有","有","有","有","","","金控業","董瑞斌","張傳章"
="2887","台新新光金","市","11/19","18.4","-0.1","-0.54","10","2,936","2,487","4,575","23.8","23.8","有","有","有","有","","有","金控業","吳東亮","林維俊"
"2887E","台新新光戊特一","市","11/19","48.7","-0.05","-0.1","","","50","244","","8.77","","","","","","","金控業","",""
"2887F","台新新光戊特二","市","11/19","45.1","0","0","","","30","135","","6.87","","","","","","","金控業","",""
"2887G","台新新光庚特一","市","11/19","37.95","0","0","","","7.5","28.5","","0.33","","","","","","","金控業","",""
"2887H","台新新光庚特二","市","11/19","37.45","-0.05","-0.13","","","21.97","82.3","","0.33","","","","","","","金控業","",""
"2887I","台新新光辛特","市","11/19","9.3","+0.02","+0.22","","","309.6","288","","0.33","","","","","","","金控業","",""
"2887Z1","台新新光己特","市","11/19","16.05","0","0","","","30","48.2","","3.32","","","","","","","金控業","",""
="2889","國票金","市","11/19","15.65","-0.2","-1.26","10","363","363.4","569","23.7","23.7","","","有","","","","金控業","魏啟林","陳冠舟"
="2890","永豐金","市","11/19","26.45","+0.05","+0.19","10","1,450","1,450","3,836","23.5","23.5","有","有","有","有","","有","金控業","陳思寬","朱士廷"
="2891","中信金","市","11/19","42.9","+0.3","+0.7","10","2,015","1,965","8,430","23.5","23.5","有","有","有","有","","有","金控業","顏文隆","高麗雪"
"2891B","中信金乙特","市","11/19","63.9","0","0","","","33.33","213","","7.82","","","","","","","金控業","",""
"2891C","中信金丙特","市","11/19","60","+0.1","+0.17","","","16.67","100","","6.54","","","","","","","金控業","",""
="2892","第一金","市","11/19","27.85","0","0","10","1,438","1,438","4,005","22.9","22.9","有","有","有","有","","","金控業","邱月琴","方螢基"
="2897","王道銀行","市","11/19","8.98","-0.03","-0.33","10","306","280.5","252","26.3","8.54","","","","有","","有","銀行業","駱怡君","李芳遠"
"2897B","王道銀乙特","市","11/19","11.9","+0.05","+0.42","","","25","29.8","","1.14","","","","","","","銀行業","",""
="2901","欣欣","市","11/19","24.8","+0.3","+1.22","10","7.3","7.3","18.1","54.6","49.5","","","","","","","貿易百貨業","李文英","孟正光"
="2903","遠百","市","11/19","23.25","+0.25","+1.09","10","142","141.7","329","58.2","47.1","","","","","","","貿易百貨業","徐旭東","徐雪芳"
="2904","匯僑","市","11/19","17","0","0","10","7.78","7.78","13.2","47.1","42.9","","","","","","","其他業","廖述群","葉唐榮"
="2905","三商","市","11/19","14.7","+0.2","+1.38","10","111","111","163","60.7","37.2","","","","有","","","貿易百貨業","陳翔立","陳翔立"
="2906","高林","市","11/19","12.95","-0.2","-1.52","10","20.9","20.91","27.1","56.5","35.9","","","","有","","","貿易百貨業","李忠良","李界羲"
="2908","特力","市","11/19","20.3","+0.25","+1.25","10","51","50.99","104","47.3","32.8","","","","","","","貿易百貨業","李麗秋","李麗秋董事長代理總經理"
="2910","統領","市","11/19","20.8","-0.15","-0.72","10","17.5","17.54","36.5","43.3","28.9","","","","","","","貿易百貨業","蘇建義","翁華利"
="2911","麗嬰房","市","11/19","4.56","-0.13","-2.77","10","10.5","10.51","4.79","52.4","28.8","","","","有","有","","貿易百貨業","林柏蒼","陳仁沛"
="2912","統一超","市","11/19","236","-0.5","-0.21","10","104","104","2,454","38.4","28.2","","","","","","","貿易百貨業","羅智先","黃瑞典"
="2913","農林","市","11/19","13.2","-0.4","-2.94","10","79","79","104","75.4","63.8","有","","","","有","","貿易百貨業","吳清源","吳清源"
="2915","潤泰全","市","11/19","52.8","+0.3","+0.57","10","110","110.4","583","49.9","48.3","有","","有","","","","貿易百貨業","徐盛育","徐志漳"
="2923","鼎固-KY","市","11/19","19.75","+0.45","+2.33","10","174","174","344","18","13","","","","","","","建材營造業","張洪本","張能耀"
="2929","淘帝-KY","市","11/19","8.01","-0.05","-0.62","10","10.9","10.95","8.77","13.1","11.9","","","","","","","貿易百貨業","周志鴻","莊凌鋒"
="2939","永邑-KY","市","11/19","24.95","0","0","10","4.55","4.55","11.4","10.5","7.86","","","","","","","貿易百貨業","湯棋同","陳柏融"
="2945","三商家購","市","11/19","38","-0.1","-0.26","10","6.75","6.75","25.6","12.8","3.97","","","","","","","貿易百貨業","陳翔玢","邱光隆"
="3002","歐格","市","11/19","24.75","-0.2","-0.8","10","10.2","10.2","25.2","42.3","23.8","","","","","","","電腦及週邊設備業","李廣浩","李廣浩"
="3003","健和興","市","11/19","46.2","-0.25","-0.54","10","15.6","15.57","71.9","47.8","23.8","","","有","有","","","電子零組件業","鄭克彬","鄭傑元"
="3004","豐達科","市","11/19","101","+0.5","+0.5","10","5.57","5.57","56.2","28.1","23.7","","","有","","","","鋼鐵工業","蔡豐賜","林威村"
="3005","神基","市","11/19","123","-4","-3.15","10","62","62.02","763","36.1","23.7","有","","有","","","","電腦及週邊設備業","黃明漢","黃明漢"
="3006","晶豪科","市","11/19","85.6","-2.6","-2.95","10","28.6","28.62","245","27.5","23.7","有","","有","有","","","半導體業","張明鑒","張明鑒"
="3008","大立光","市","11/19","2075","+5","+0.24","10","13.3","13.35","2,769","38.6","23.7","有","有","有","","","","光電業","林恩平","黃有執"
="3010","華立","市","11/19","101.5","+1.5","+1.5","10","25.9","25.94","263","57.1","25.2","","","有","","","","電子通路業","張尊賢","張尊賢"
="3011","今皓","市","11/19","12.7","-0.05","-0.39","10","11.3","11.27","14.3","42.9","25.1","","","","","","","電子零組件業","石浩吉","林盟傑"
="3013","晟銘電","市","11/19","120","-3.5","-2.83","10","20.5","20.51","246","49.4","23.2","","","有","有","","","電腦及週邊設備業","林木和","羅志吉"
="3014","聯陽","市","11/19","117.5","-1","-0.84","10","16.6","16.6","195","29.5","23.1","","","有","","","","半導體業","胡鈞陽","董明憲"
="3015","全漢","市","11/19","52.7","-3.4","-6.06","10","18.7","18.73","98.7","32.6","23.1","","","有","","","","電子零組件業","鄭雅仁","鄭雅仁"
="3016","嘉晶","市","11/19","47.5","-1.3","-2.66","10","28.9","28.85","137","27","22.9","","","有","有","","","半導體業","徐建華","温錦祥"
="3017","奇鋐","市","11/19","1340","-30","-2.19","10","38.8","38.82","5,201","33.9","23.1","有","","有","有","","","電腦及週邊設備業","沈慶行","沈慶行"
="3018","隆銘綠能","市","11/19","12.05","0","0","10","7.54","7.54","9.08","29.9","25","","","","","有","","其他電子業","許鑒隆","許鑒隆"
="3019","亞光","市","11/19","131.5","0","0","10","27.9","27.92","367","45.1","25.1","有","","有","","","","光電業","賴以仁","林泰朗"
="3021","鴻名","市","11/19","17.25","+0.15","+0.88","10","9.49","9.49","16.4","32.5","25.2","","","","有","","","電子零組件業","張允騰","林嘉祥"
="3022","威強電","市","11/19","63.9","-1","-1.54","10","17.7","17.66","113","28.6","24.6","","","有","","","","電腦及週邊設備業","張明智","江重良"
="3023","信邦","市","11/19","206","-1","-0.48","10","24","24.01","495","36","24.5","","","有","","","","電子零組件業","王紹新","梁偉銘"
="3024","憶聲","市","11/19","10.25","-0.55","-5.09","10","27.7","27.72","28.4","49.3","27.5","","","","有","","","光電業","彭亭玉","彭秀雲"
="3025","星通","市","11/19","42.85","-0.45","-1.04","10","5.67","5.67","24.3","34","24.8","","","","","","","通信網路業","葉茂林","葉茂林"
="3026","禾伸堂","市","11/19","103","+3","+3","10","16.6","16.59","171","44.5","25.9","","","有","","","","電子零組件業","唐錦榮","唐錦榮"
="3027","盛達","市","11/19","23.5","-0.35","-1.47","10","11.6","11.6","27.3","52.7","25.8","","","","","有","","通信網路業","陳振乾","張淑梅"
="3028","增你強","市","11/19","35.2","-0.4","-1.12","10","23.7","23.72","83.5","43.1","25.1","","","","有","","","電子通路業","陳信義","周俊光/周俊賢"
="3029","零壹","市","11/19","107.5","-0.5","-0.46","10","16.7","16.7","180","45.4","25.8","","","有","","有","","資訊服務業","林嘉勲","陳鍵忠"
="3030","德律","市","11/19","142.5","-2","-1.38","10","23.6","23.62","337","36.6","24.7","","","有","","","","其他電子業","陳玠源","陳玠源"
="3031","佰鴻","市","11/19","18.35","-0.45","-2.39","10","17.3","17.32","31.8","44.5","24.7","","","","","","","光電業","廖宗仁","廖宗仁"
="3032","偉訓","市","11/19","84.5","-3.4","-3.87","10","11.3","11.33","95.7","46.8","24.6","","","有","","有","","電子零組件業","王駿東","李家慶"
="3033","威健","市","11/19","29.35","-0.25","-0.84","10","48","47.87","140","48.8","25.1","","","有","","","","電子通路業","胡秋江","紀廷芳"
="3034","聯詠","市","11/19","392","0","0","10","60.9","60.85","2,385","28.5","24.6","有","","有","","","","半導體業","何泰舜","王守仁"
="3035","智原","市","11/19","159.5","-6.5","-3.92","10","26.1","26.06","416","32.4","26.1","有","","有","","","","半導體業","洪嘉聰","王國雍"
="3036","文曄","市","11/19","131","-1","-0.76","10","130","116.9","1,531","31.9","25.1","有","","有","","","有","電子通路業","鄭文宗","鄭文宗"
"3036A","文曄甲特","市","11/19","51.3","+0.1","+0.2","","","13.5","69.3","","5.08","","","","","","","電子通路業","",""
="3037","欣興","市","11/19","160.5","-9.5","-5.59","10","153","153","2,455","35.8","26.9","有","有","有","","","","電子零組件業","曾子章","馬光華、蘭庭"
="3038","全台","市","11/19","20.15","-0.15","-0.74","10","15.7","15.74","31.7","31.2","24.6","","","","","","","光電業","曾瑞銘","王臺光"
="3040","遠見","市","11/19","55.7","-0.1","-0.18","10","6.3","6.3","35.1","39.5","24.9","","","","有","","","其他業","周發","黃庭洋"
="3041","揚智","市","11/19","24.95","-0.6","-2.35","10","14","14.02","35","32.4","26.2","","","","","有","","半導體業","凃俊光","連建欽"
="3042","晶技","市","11/19","81.3","-1.2","-1.45","10","34.3","34.3","279","41.9","24.7","有","","有","","有","","電子零組件業","林萬興","郭雅屏"
="3043","科風","市","11/19","20.1","-0.95","-4.51","10","3.9","3.9","7.83","38.6","24.6","","","","有","","","其他電子業","科飛投資股份有限公司","楊淑艷"
="3044","健鼎","市","11/19","294.5","+1","+0.34","10","52.6","52.56","1,548","33.9","25","有","","有","","","","電子零組件業","王景春","黃樂仁"
="3045","台灣大","市","11/19","106.5","-0.5","-0.47","10","372","372.3","3,965","28.7","25.2","有","","有","有","","","通信網路業","蔡明忠","林之晨"
="3046","建碁","市","11/19","46.8","+0.05","+0.11","10","7.84","7.84","36.7","28.9","25.2","","","","","","","電腦及週邊設備業","簡慧祥","王博修"
="3047","訊舟","市","11/19","16.75","+0.25","+1.52","10","22.4","22.37","37.5","39.4","24.7","","","","","","","通信網路業","任冠生","任冠生"
="3048","益登","市","11/19","37.4","+0.85","+2.33","10","27","26.98","101","29.4","23.1","","","有","","有","","電子通路業","曾禹旖","于俊潔"
="3049","精金","市","11/19","6.72","-0.16","-2.33","10","80.2","80.2","53.9","26.2","23.1","","","有","有","","","光電業","馬維欣","馬維欣"
="3050","鈺德","市","11/19","11.5","+0.05","+0.44","10","15.5","15.5","17.8","31.5","23.1","","","","","","","光電業","楊慰芬","羅宜富"
="3051","力特","市","11/19","18.8","-0.25","-1.31","10","16.7","16.7","31.4","27.7","23.1","","","","有","有","","光電業","趙寄蓉","趙輝生"
="3052","夆典","市","11/19","11.2","-0.15","-1.32","10","23.3","23.32","26.1","49.3","30","","","","","","","建材營造業","郭國華","郭國華"
="3054","立萬利","市","11/19","22.75","+0.45","+2.02","10","8.07","8.07","18.3","34.4","23","","","","","","","食品工業","陳立青","陳立青"
="3055","蔚華科","市","11/19","56.7","-1.2","-2.07","10","11.5","11.5","65.2","37.9","22.9","","","有","","有","","電子通路業","秦家騏","楊燿州"
="3056","富華新","市","11/19","18.2","-0.45","-2.41","10","48.1","48.06","87.5","28","22.7","","","有","有","","","建材營造業","吳錫坤","林鳳秋副總經理(代理)"
="3057","喬鼎","市","11/19","14.3","-0.8","-5.3","10","6.03","6.03","8.63","34.7","22.9","","","","有","有","","電腦及週邊設備業","李志恩","李志恩"
="3058","立德","市","11/19","9.85","-0.14","-1.4","10","20.2","20.17","19.9","55.7","22.9","","","","","有","","電子零組件業","包忠詒","包忠詒(暫代)"
="3059","華晶科","市","11/19","41.15","+0.3","+0.73","10","30.7","30.72","126","28.9","22.9","","","有","","","","光電業","夏汝文","林㨗昇"
="3060","銘異","市","11/19","27.5","-1.15","-4.01","10","13.8","13.76","37.8","46.1","22.6","","","","","","","電腦及週邊設備業","謝錦興","謝錦興"
="3062","建漢","市","11/19","23.35","-0.35","-1.48","10","33","33.02","77.1","27.4","22.3","","","有","","","","通信網路業","李廣益","歐陽若"
="3090","日電貿","市","11/19","82","+0.8","+0.99","10","28.8","28.76","236","32.9","22","","","有","","有","","電子零組件業","周煒凌","于耀國"
="3092","鴻碩","市","11/19","15.1","-0.75","-4.73","10","10.7","10.66","16.1","33.9","15.5","","","","有","","","電子零組件業","張利榮","魯憶萱"
="3094","聯傑","市","11/19","23","-0.7","-2.95","10","8.31","8.31","19.1","29.3","18.3","","","","","","","半導體業","郝挺","林有亮"
="3130","一零四","市","11/19","225","+1.5","+0.67","10","3.32","3.32","74.7","32.1","19.8","","","","","","","數位雲端","楊基寬","黃于純"
="3135","凌航","市","11/19","47.7","+0.1","+0.21","10","7.75","7.75","37","27.3","0.29","","","","","","","半導體業","曾珍","曾珍"
="3138","耀登","市","11/19","83.7","-0.4","-0.48","10","5.03","5.03","42.1","35.8","4.94","","","","有","","","通信網路業","張玉斌","張玉斌"
="3149","正達","市","11/19","33.75","-0.35","-1.03","10","22.6","22.62","76.4","29.4","14","","","","","有","","光電業","鍾志明","鍾志明"
="3150","鈺寶-創","市","11/19","17.8","-0.2","-1.11","10","4.44","4.44","7.9","27.8","1.4","","","","","","","半導體業","蔡玲君","黃良駿"
="3164","景岳","市","11/19","18.35","-0.25","-1.34","10","8.6","8.6","15.8","25","17.2","","","","","","","生技醫療業","陳根德","陳昱瑾"
="3167","大量","市","11/19","206.5","-9","-4.18","10","8.84","8.84","182","44.9","12.1","","","有","","","","電機機械","王作京","簡禎祈"
="3168","眾福科","市","11/19","43.25","0","0","10","7.71","7.71","33.3","28","1.65","","","","","","","光電業","黃漢州","俞思平"
="3189","景碩","市","11/19","134.5","-11","-7.56","10","45.7","45.68","614","25.2","21.1","有","","有","","","","半導體業","廖賜政","陳河旭"
="3209","全科","市","11/19","32.1","-0.4","-1.23","10","23.5","23.47","75.3","34.6","21.6","","","","有","","","電子通路業","吳堉文","謝宏昌"
="3229","晟鈦","市","11/19","15.15","+0.4","+2.71","10","6.43","6.43","9.74","38.3","20.6","","","","","有","","電子零組件業","莊明理","劉文禎"
="3231","緯創","市","11/19","137","0","0","10","318","318","4,357","24.5","22.3","有","有","有","有","","","電腦及週邊設備業","林憲銘","林建勳"
="3257","虹冠電","市","11/19","60.3","-1.1","-1.79","10","7.98","7.98","48.1","26.9","14.7","","","","","","","半導體業","方敏宗","林保偉"
="3266","昇陽","市","11/19","13.3","-0.1","-0.75","10","35.2","35.23","46.9","32.7","21.1","","","","","","","建材營造業","麥寬成","魏岱霖"
="3296","勝德","市","11/19","19.35","-0.05","-0.26","10","9.67","9.67","18.7","25","20.7","","","","","","","電子零組件業","周義雄","周義雄"
="3305","昇貿","市","11/19","94.2","-2","-2.08","10","13.4","13.42","126","47.6","20.4","","","有","有","","","其他電子業","李三蓮","李弘偉"
="3308","聯德","市","11/19","14.6","-0.1","-0.68","10","6","6","8.76","37.8","17.7","","","","有","","","電子零組件業","陳銘智","鄧瑞玲"
="3311","閎暉","市","11/19","31.75","-0.15","-0.47","10","10","10","31.8","24.1","21.7","","","","","","","通信網路業","焦佑衡","徐幼珍"
="3312","弘憶股","市","11/19","36.9","-1.2","-3.15","10","16.3","18.26","67.4","30.1","20","","","有","有","","","電子通路業","葉佳紋","劉彥輝"
="3321","同泰","市","11/19","17.35","-0.3","-1.7","10","5.31","5.31","9.22","35","9.93","","","","","","","電子零組件業","曾子章","曾山一"
="3338","泰碩","市","11/19","47.35","-0.2","-0.42","10","8.79","8.79","41.6","31.2","11.9","","","","","","","電子零組件業","彭朋煌","劉克平"
="3346","麗清","市","11/19","18.55","-0.4","-2.11","10","12.1","12.12","22.5","26.2","8.92","","","","有","","","汽車工業","劉美秀","劉美秀"
="3356","奇偶","市","11/19","46.75","-0.1","-0.21","10","7.99","7.99","37.4","27.8","20.6","","","","","","","光電業","戴光正","王有傳"
="3376","新日興","市","11/19","172","-8","-4.44","10","19.6","19.58","337","57.4","19.9","有","","有","有","","","電子零組件業","呂勝男","阮朝宗"
="3380","明泰","市","11/19","27.75","-0.7","-2.46","10","54.2","54.17","150","22.2","20.9","有","","有","","","","通信網路業","黃文芳","黃文芳"
="3406","玉晶光","市","11/19","449.5","+0.5","+0.11","10","11.3","11.27","507","35.8","19.9","有","","有","","","","光電業","陳天慶","郭英理"
="3413","京鼎","市","11/19","288","-4.5","-1.54","10","10.9","10.8","311","24.6","10.3","","","有","有","有","","半導體業","劉揚偉","邱耀銓"
="3416","融程電","市","11/19","141.5","-0.5","-0.35","10","7.97","7.97","113","29.8","18.1","","","有","","","","電腦及週邊設備業","呂谷清","林筠卿"
="3419","譁裕","市","11/19","12.4","-0.15","-1.2","10","12","12.05","14.9","44","19.5","","","","","","","通信網路業","鄒宓富","曹付宜"
="3432","台端","市","11/19","13.95","+0.05","+0.36","10","4.22","4.22","5.89","37.5","14.9","","","","","有","","電子零組件業","陳帝生","林樂賢"
="3437","榮創","市","11/19","13.15","-0.5","-3.66","10","14.5","14.45","19","26.1","11.4","","","","","","","光電業","方榮熙","方榮熙"
="3443","創意","市","11/19","1900","+30","+1.6","10","13.4","13.4","2,546","27.8","19","有","","有","","","","半導體業","曾繁城","戴尚義"
="3447","展達","市","11/19","50.2","-0.8","-1.57","10","7.74","7.73","38.8","28.1","2.93","","","","","","","通信網路業","呂進宗","陳秋龍"
="3450","聯鈞","市","11/19","214","-10","-4.46","10","14.6","14.57","312","25.1","19.6","","","有","","","","半導體業","鄭祝良","宋天增"
="3454","晶睿","市","11/19","79.4","-0.6","-0.75","10","8.66","8.66","68.7","25.8","19.3","","","有","","","","光電業","羅永堅","廖禎祺"
="3481","群創","市","11/19","12.35","0","0","10","799","798.9","987","22.8","19.1","有","有","有","","","","光電業","洪進揚","楊弘文"
="3494","誠研","市","11/19","9.19","-0.06","-0.65","10","9.48","9.48","8.71","24.8","17.9","","","","有","有","","電腦及週邊設備業","光風投資有限公司代表人：黃茯","黃冠智"
="3501","維熹","市","11/19","46.7","-0.55","-1.16","10","11.8","11.83","55.2","23.2","18.2","","","","","","","電子零組件業","吳瑞雄","吳瑞雄"
="3504","揚明光","市","11/19","48.6","-0.6","-1.22","10","11.4","11.41","55.4","23.8","18.8","","","有","","","","光電業","林惠姿","張雅容/林威嶧"
="3515","華擎","市","11/19","241.5","-5.5","-2.23","10","12.4","12.36","298","23.5","18","","","有","","","","電腦及週邊設備業","童旭田","許隆倫"
="3518","柏騰","市","11/19","19.7","-0.05","-0.25","10","9.79","9.79","19.3","30.1","18","","","","有","有","","其他電子業","黃逸駿","游秀屏"
="3528","安馳","市","11/19","64.7","-0.8","-1.22","10","6.66","6.66","43.1","24.9","14.5","","","","","","","電子通路業","吳偉國","陳發勇"
="3530","晶相光","市","11/19","57.1","-1.3","-2.23","10","7.75","7.75","44.2","21.5","7.35","","","","","","","半導體業","何新平","陳俊伯"
="3532","台勝科","市","11/19","86.3","-2.2","-2.49","10","38.8","38.78","335","30","17.9","有","","有","","","","半導體業","郭文筆","高橋和也"
="3533","嘉澤","市","11/19","1170","-10","-0.85","10","11.3","11.25","1,317","39.2","17.9","有","","有","","","","電子零組件業","朱德祥","何德佑"
="3535","晶彩科","市","11/19","68.9","+0.2","+0.29","10","7.91","7.91","54.5","25.7","17.8","","","","","","","光電業","陳永華","陳永華"
="3543","州巧","市","11/19","45.75","+0.05","+0.11","10","8.93","8.93","40.8","25.4","5.6","","","","","","","光電業","李樹裔","徐文茂"
="3545","敦泰","市","11/19","49.65","-1.95","-3.78","10","22.1","22.13","110","19.9","18.4","","","有","","","","半導體業","胡正大","胡正大"
="3550","聯穎","市","11/19","12.55","-0.35","-2.71","10","8.76","8.76","11","38.6","15","","","","","","","電子零組件業","何鈞銜","吳東晃"
="3557","嘉威","市","11/19","35","-0.05","-0.14","10","8.43","8.43","29.5","20.6","17.7","","","","有","有","","居家生活","黃清森","吳世偉"
="3563","牧德","市","11/19","429","+1","+0.23","10","5.81","5.81","249","27.4","14.9","","","有","","有","","光電業","汪光夏","陳復生"
="3576","聯合再生","市","11/19","6.26","-0.09","-1.42","10","163","162.8","102","20.2","16.9","","","","","有","","光電業","洪傳獻","張為策(執行長)"
="3583","辛耘","市","11/19","301","+1","+0.33","10","8.03","8.03","242","46.1","12.7","","","有","有","","","半導體業","謝宏亮","李宏益"
="3588","通嘉","市","11/19","45.5","-0.9","-1.94","10","6.2","6.2","28.2","23.2","16.3","","","","","","","半導體業","高育坤","祁亨忠"
="3591","艾笛森","市","11/19","17.65","-0.15","-0.84","10","14.6","14.56","25.7","24.1","15","","","","有","","","光電業","吳建榮","吳建榮"
="3592","瑞鼎","市","11/19","208.5","-3.5","-1.65","10","7.59","7.59","158","22.1","3.87","","","有","","","","半導體業","黃裕國","林文聰"
="3593","力銘","市","11/19","7.2","-0.01","-0.14","10","5.58","9.3","6.7","21.9","16.7","","","","","有","","電子零組件業","孫正強","蕭勝原"
="3596","智易","市","11/19","180.5","+2.5","+1.4","10","22","22.04","398","22.5","16.7","","","有","有","","","通信網路業","陳瑞聰","曾釗鵬"
="3605","宏致","市","11/19","61.1","-0.7","-1.13","10","15.1","15.14","92.5","29","16.7","","","有","有","","","電子零組件業","袁万丁","黃添富"
="3607","谷崧","市","11/19","13.3","-0.6","-4.32","10","12.2","12.17","16.2","36.4","16.1","","","","有","","","電子零組件業","洪煥青","張文桐"
="3617","碩天","市","11/19","202.5","-4","-1.94","10","9.42","9.42","191","28.4","15.9","","","有","","","","其他電子業","郭瑾","何濓洵"
="3622","洋華","市","11/19","66.9","-1.4","-2.05","10","15.1","15.13","101","23.3","16.7","","","有","","","","光電業","白志強","許益川"
="3645","達邁","市","11/19","51.5","-0.2","-0.39","10","13.7","13.68","70.4","25.4","14.1","","","有","","","","電子零組件業","吳聲昌","黃貞英"
="3652","精聯","市","11/19","28.85","-0.65","-2.2","10","7.51","7.51","21.7","17.8","16.2","","","","","","","電腦及週邊設備業","葉佳紋","徐志達"
="3653","健策","市","11/19","2450","-40","-1.61","10","14.3","14.29","3,502","38.6","16","有","","有","","","","電子零組件業","趙宗信","林錦隆"
="3661","世芯-KY","市","11/19","3320","+70","+2.15","10","8.1","8.09","2,684","22.7","11.1","有","","有","","有","","半導體業","沈翔霖","沈翔霖"
="3665","貿聯-KY","市","11/19","1580","+10","+0.64","10","19.5","19.4","3,065","25.5","14.6","","","有","有","","","其他電子業","梁華哲","鄧劍華"
="3669","圓展","市","11/19","27.05","-0.45","-1.64","10","9.29","9.29","25.1","17.9","14.2","","","","","","","通信網路業","郭重松","郭昱廷"
="3673","TPK-KY","市","11/19","40.35","-0.7","-1.71","10","40.7","40.67","164","20","15.1","有","","有","有","","","光電業","江朝瑞","謝立群"
="3679","新至陞","市","11/19","113.5","-0.5","-0.44","10","6.3","6.3","71.5","45.4","14.1","","","","","","","電子零組件業","陳標福","蔡建勝"
="3686","達能","市","11/19","17.6","-0.45","-2.49","10","7.65","7.65","13.5","18","15.3","","","","","","","半導體業","方震銘","方震銘"
="3694","海華","市","11/19","62.5","0","0","10","15.5","15.49","96.8","20.6","14.6","","","有","","","","通信網路業","程建中","鄭光志"
="3701","大眾控","市","11/19","30.3","-0.8","-2.57","10","23.7","23.65","71.7","21.2","21.2","","","","有","有","","電腦及週邊設備業","簡民智","簡民智"
="3702","大聯大","市","11/19","64.1","+0.8","+1.26","10","168","167.9","1,076","20","20","有","","有","有","","","電子通路業","黃偉祥","張蓉崗"
="3703","欣陸","市","11/19","21.7","+0.15","+0.7","10","82.3","82.32","179","15.6","15.6","","","","","","","建材營造業","殷琪","張方欣"
="3704","合勤控","市","11/19","33.45","-0.5","-1.47","10","41.3","41.26","138","15.3","15.3","","","","","","","通信網路業","朱順一","朱順一(執行長)"
="3705","永信","市","11/19","54.6","-0.2","-0.36","10","26.6","26.64","145","14.9","14.9","","","有","","","","生技醫療業","李芳信","簡志維"
="3706","神達","市","11/19","86.3","-2.4","-2.71","10","133","132.7","1,145","12.2","12.2","有","","有","","","","電腦及週邊設備業","苗豐強","何繼武"
="3708","上緯投控","市","11/19","110","+0.5","+0.46","10","10.7","10.73","118","9.2","9.22","","","有","有","","","綠能環保","蔡朝陽","蔡孝德"
="3711","日月光投控","市","11/19","209.5","-5.5","-2.56","10","444","442.2","9,264","7.6","7.56","有","有","有","有","","","半導體業","張虔生","張洪本"
="3712","永崴投控","市","11/19","26","-0.3","-1.14","10","24.6","24.62","64","7.1","7.14","","","有","","","","電腦及週邊設備業","郭台強","胡惠森"
="3714","富采","市","11/19","31.35","-0.5","-1.57","10","73.8","73.79","231","4.9","4.87","有","有","","","有","","光電業","彭双浪","彭双浪"
="3715","定穎投控","市","11/19","113.5","-3","-2.58","10","27.8","27.77","315","3.2","3.24","","","有","","","","電子零組件業","黃銘宏","劉國瑾"
="3716","中化控股","市","11/19","33.8","+0.1","+0.3","10","15","14.98","50.6","1.2","1.22","","","","","","","生技醫療業","王謝怡貞","王厚凱(執行長)"
="3717","聯嘉投控","市","11/19","16.95","-0.3","-1.74","10","20.8","20.78","35.2","0.3","0.27","","","","","","","汽車工業","黃國欣","黃昉鈺"
="4104","佳醫","市","11/19","81.2","-0.5","-0.61","10","17.2","17.16","139","37.7","24.5","","","","","","","生技醫療業","傅輝東","張明正"
="4106","雃博","市","11/19","21.7","+0.05","+0.23","10","10.1","10.09","21.9","35.7","23.8","","","","有","","","生技醫療業","雅勝 代表人:李永川","李文德"
="4108","懷特","市","11/19","14","0","0","10","19.9","19.86","27.8","27","23.5","","","","","有","","生技醫療業","李伊俐","李伊伶"
="4119","旭富","市","11/19","48.55","+0.15","+0.31","10","12","11.95","58","38.2","21.9","","","","","","","生技醫療業","翁維駿","周文智"
="4133","亞諾法","市","11/19","22.75","-0.45","-1.94","10","6.06","6.06","13.8","23.9","15.9","","","","","","","生技醫療業","黃韋伯","紀姵如"
="4137","麗豐-KY","市","11/19","97.9","0","0","10","8.25","8.25","80.8","13.4","12","","","","","","","生技醫療業","陳碧華","趙承佑"
="4142","國光生","市","11/19","20.3","+0.05","+0.25","10","43","42.95","87.2","59.9","13.5","","","","","","","生技醫療業","詹啟賢","詹啟賢"
="4148","全宇生技-KY","市","11/19","40.05","-1.05","-2.55","10","6.72","6.72","26.9","15.7","8.45","","","","有","","","生技醫療業","彭士豪","彭士豪"
="4155","訊映","市","11/19","14.8","-0.1","-0.67","10","14.6","14.61","21.6","21.1","7.96","","","","有","","","生技醫療業","賴家德","賴家德"
="4164","承業醫","市","11/19","39.05","-0.35","-0.89","10","19.5","18.57","72.5","16","13.1","","","有","有","有","","生技醫療業","李沛霖","李明倫"
="4190","佐登-KY","市","11/19","30.85","+0.15","+0.49","10","6.17","6.17","19","15.4","10.1","","","","有","","","生技醫療業","陳正雄","陳佳琦"
="4306","炎洲","市","11/19","12.95","-0.05","-0.38","10","67.7","67.68","87.6","47.7","24.6","","","","","","","塑膠工業","李書緯","李其政"
="4414","如興","市","11/19","10.8","+0.05","+0.47","10","26.4","26.38","28.5","48","25.9","","","","","有","","紡織纖維","紀宗明","James Ian Harrison"
="4426","利勤","市","11/19","9.98","-0.01","-0.1","10","17.3","17.27","17.2","28.2","19","","","","","","","紡織纖維","洪文耀","待補"
="4438","廣越","市","11/19","81.6","-1.4","-1.69","10","11.3","11.34","92.6","30.1","9.09","","","","有","","","紡織纖維","吳朝筆","唐湘梅"
="4439","冠星-KY","市","11/19","104","+6.6","+6.78","10","3.8","3.8","39.6","12.5","5.96","","","","有","","","紡織纖維","興茂集團控股有限公司(代表人:林錦茂)","林經偉"
="4440","宜新實業","市","11/19","17.3","-0.6","-3.35","10","6.76","6.76","11.7","12.4","4.07","","","","","","","紡織纖維","詹正田","翁茂誠"
="4441","振大環球","市","11/19","269","-0.5","-0.19","10","6.8","6.8","183","34.7","0.2","","","","","","","紡織纖維","許公任","李炤賢"
="4526","東台","市","11/19","30.4","+0.5","+1.67","10","25.5","25.48","77.5","56.9","25.1","","","有","","","","電機機械","嚴瑞雄","嚴瑞雄"
="4532","瑞智","市","11/19","22.5","-0.6","-2.6","10","50.5","50.49","114","35.9","23.7","","","有","有","","","電機機械","陳盛沺","馮明法"
="4536","拓凱","市","11/19","164","-0.5","-0.3","10","9.08","9.08","149","45.4","12.1","","","有","","","","運動休閒","沈文振","沈貝倪"
="4540","全球傳動","市","11/19","33.9","0","0","10","11.2","11.21","38","15.4","7.27","","","","有","","","電機機械","李清崑","李進勝"
="4545","銘鈺","市","11/19","33.45","-0.6","-1.76","10","7.7","7.7","25.8","24.8","9.87","","","","","","","電子零組件業","謝錦興","方光義"
="4551","智伸科","市","11/19","113.5","+1","+0.89","10","11.5","11.52","131","38.8","10.3","","","有","有","","","汽車工業","六方精機股份有限公司","林慈青"
="4552","力達-KY","市","11/19","22.75","0","0","10","11.6","11.6","26.4","13.5","9.34","","","","","","","電機機械","吳建能","陳乙平"
="4555","氣立","市","11/19","41","-0.45","-1.09","10","7","7","28.7","39","10.1","","","","","","","電機機械","游平政","游平政"
="4557","永新-KY","市","11/19","68","-0.5","-0.73","10","4.8","4.8","32.6","14.8","10.1","","","","","","","汽車工業","紀經得","許耀仁"
="4560","強信-KY","市","11/19","31.5","0","0","10","6.81","6.81","21.5","11.1","8.49","","","","","","","電機機械","綦秉信","綦秉信"
="4562","穎漢","市","11/19","35.7","-0.4","-1.11","10","8.75","8.75","31.3","17.8","8.25","","","","","","","電機機械","胡炳昆","胡峻嘉"
="4564","元翎","市","11/19","15.5","-0.2","-1.27","10","23.3","23.28","36.1","37.4","6.71","","","","","","","電機機械","王德鑫","王德鑫"
="4566","時碩工業","市","11/19","51.7","+0.2","+0.39","10","11","10.98","56.8","17","7.79","","","有","","","","電機機械","劉祖英","黃亞興"
="4569","六方科-KY","市","11/19","140","-2","-1.41","10","3.06","3.06","42.8","5.8","2.31","","","","","","","汽車工業","盧經緯","葛仲林"
="4571","鈞興-KY","市","11/19","159.5","-3.5","-2.15","10","5.3","5.3","84.6","11.6","6.18","","","有","","","","電機機械","國興環球有限公司(代表人：高國興)","杜春輝"
="4572","駐龍","市","11/19","141","-0.5","-0.35","10","4","0.4","5.64","35.3","6.2","","","","有","","","電機機械","王昆生","陳玄益"
="4576","大銀微系統","市","11/19","99.1","+0.6","+0.61","10","12","11.98","119","28.6","6.21","","","有","","","","電機機械","卓秀瑜","絲國一"
="4581","光隆精密-KY","市","11/19","52.9","+0.2","+0.38","10","3.39","3.39","17.9","10","5.7","","","","","","","汽車工業","呂皇甫","黃雨亭"
="4583","台灣精銳","市","11/19","617","-16","-2.53","10","8.02","8.02","495","26.1","3.53","","","有","","","","電機機械","張重興","郭崇哲"
="4585","達明","市","11/19","306.5","+3","+0.99","10","10.3","10.28","315","10.2","0.15","","","","","","","其他電子業","何世池","陳尚昊"
="4588","玖鼎電力","市","11/19","59.1","+0.3","+0.51","10","4.3","4.3","25.4","20.4","1.81","","","","","","","其他電子業","陳展鵠","曾文良"
="4720","德淵","市","11/19","13.55","+0.1","+0.74","10","11.5","11.45","15.5","49.4","24.7","","","","","","","化學工業","蕭向志","蕭向志"
="4722","國精化","市","11/19","149","-0.5","-0.33","10","10.1","10.11","151","47","23.9","","","","","","","化學工業","朝建投資股份有限公司(代表人蔡志翔)","王海城"
="4736","泰博","市","11/19","120.5","-1","-0.82","10","9.54","9.54","115","27.5","15","有","","","","","","生技醫療業","陳朝旺","陳朝旺"
="4737","華廣","市","11/19","61","-0.1","-0.16","10","6.72","6.73","41","22.6","14.9","","","","","","","生技醫療業","黃椿木","黃椿木"
="4739","康普","市","11/19","66","-1.9","-2.8","10","11.9","11.86","78.3","33.4","14","","","有","有","有","","化學工業","何基丞","何柏樟"
="4746","台耀","市","11/19","64.1","-1.5","-2.29","10","12","12.03","77.1","29.9","14.7","","","有","有","","","生技醫療業","程正禹","程正禹"
="4755","三福化","市","11/19","99.1","-1.4","-1.39","10","10.1","10.07","99.8","22.7","12","","","","","","","化學工業","巫信弘","蘇天寶"
="4763","材料*-KY","市","11/19","54.5","-1.7","-3.02","1","9.89","98.91","539","11.2","10","","","有","有","","","化學工業","王克璋","王克璋"
="4764","雙鍵","市","11/19","55.2","-2.2","-3.83","10","8.55","8.55","47.2","31.8","7.88","","","","","","","化學工業","蔡茂德","陳仲平"
="4766","南寶","市","11/19","319","-3.5","-1.09","10","12.1","12.06","385","62.1","6.98","","","有","","","","化學工業","吳政賢","許明現"
="4770","上品","市","11/19","208","-4","-1.89","10","8","8","166","44.1","3.91","","","有","","","","化學工業","侯嘉生","侯嘉生"
="4771","望隼","市","11/19","177","+0.5","+0.28","10","5.84","5.8","103","13.5","1.68","","","","","","","生技醫療業","黃修權","石安"
="4807","日成-KY","市","11/19","17.75","+0.05","+0.28","10","3.84","3.84","6.82","11.1","8.4","","","","有","","","貿易百貨業","帕查拉蓬 拍奔順通(Phacharapon )","林如茵"
="4904","遠傳","市","11/19","91.9","-0.1","-0.11","10","361","360.6","3,314","28.6","23.9","有","","有","有","有","","通信網路業","徐旭東","井琪"
="4906","正文","市","11/19","25.35","-0.55","-2.12","10","42.8","42.76","108","37.4","23.9","","","有","","","","通信網路業","陳鴻文","李榮昌"
="4912","聯德控股-KY","市","11/19","77.7","-1","-1.27","10","6.53","6.53","50.7","16.1","14.6","","","","","","","電子零組件業","徐啓峰","余 火甘 木發"
="4915","致伸","市","11/19","82.1","-0.4","-0.48","10","47.1","47.12","387","19.7","13.1","","","有","","","","電子零組件業","潘永中","潘永中"
="4916","事欣科","市","11/19","44.8","-0.65","-1.43","10","11.2","11.06","49.6","23.9","12","","","有","有","","","電腦及週邊設備業","廖文嘉","嚴聰前"
="4919","新唐","市","11/19","50.3","-0.8","-1.57","10","42","41.98","211","17.6","15.1","有","","有","","","","半導體業","蘇源茂","楊欣龍"
="4927","泰鼎-KY","市","11/19","20.95","-0.2","-0.95","10","26.5","26.49","55.5","16.1","14.1","","","","","","","電子零組件業","王樹木","王樹木"
="4930","燦星網","市","11/19","21.85","+0.05","+0.23","10","8","8","17.5","16","15.4","","","","","","","電器電纜","林技典","NA"
="4934","太極","市","11/19","12.2","-0.35","-2.79","10","22.5","22.5","27.4","18.5","14.3","","","","","有","","光電業","謝明凱","陳怡光"
="4935","茂林-KY","市","11/19","40.65","-0.3","-0.73","10","12.9","12.89","52.4","25.3","14.3","","","","","","","光電業","李滿祥","蔡宗霖"
="4938","和碩","市","11/19","69.9","-0.7","-0.99","10","268","268.2","1,875","18.4","15.4","有","","有","有","","","電腦及週邊設備業","童子賢","鄭光志/鄧國彥"
="4942","嘉彰","市","11/19","37.6","-0.45","-1.18","10","14.2","14.24","53.5","40.2","14.4","","","","","","","光電業","宋貴修","陳之軒"
="4943","康控-KY","市","11/19","18","+0.4","+2.27","10","12.7","12.67","22.8","16.2","9.02","","","","","有","","電子零組件業","呂朝勝","李國基"
="4949","有成精密","市","11/19","35.65","-1.55","-4.17","10","6.71","6.71","23.9","22","1.53","","","","","","","光電業","陳思銘","陳思銘"
="4952","凌通","市","11/19","34.75","-0.55","-1.56","10","10.9","10.88","37.8","21.6","14.1","","","","","","","半導體業","黃洲杰","賈懿行"
="4956","光鋐","市","11/19","17.9","-0.5","-2.72","10","10","10.04","18","19.4","14.1","","","","","","","光電業","許明森","許明森"
="4958","臻鼎-KY","市","11/19","136","-2.5","-1.81","10","106","95.67","1,301","19.5","13.9","有","","有","有","","","電子零組件業","沈慶芳","簡禎富"
="4960","誠美材","市","11/19","12.95","-0.05","-0.38","10","57.2","57.17","74","20.5","14.1","","","","","","","光電業","宋妍儀","尚待董事會委任"
="4961","天鈺","市","11/19","137.5","-1","-0.72","10","12.1","12.13","167","30.4","7.09","","","有","","","","半導體業","林永杰","邱淑慧"
="4967","十銓","市","11/19","138","-4.5","-3.16","10","8.5","8.5","117","28.6","6.85","","","有","有","","","半導體業","夏澹寧","陳慶文"
="4968","立積","市","11/19","129","-2.5","-1.9","10","9.22","9.22","119","21.9","10","","","有","","","","半導體業","馬代駿","王是琦"
="4976","佳凌","市","11/19","30","-0.65","-2.12","10","14.1","14.14","42.4","22.9","13","","","","","","","光電業","劉嘉彬","江昭德"
="4977","眾達-KY","市","11/19","100","-2","-1.96","10","8.02","8.02","80.2","18.1","12","","","有","","","","通信網路業","陳靖仁","莊敏男"
="4989","榮科","市","11/19","39.65","-2.85","-6.71","10","13.8","13.78","54.6","28.8","7.4","","","","","","","電子零組件業","陳銘樹","劉家和"
="4994","傳奇","市","11/19","95.8","-0.6","-0.62","10","6.64","6.64","63.6","23.9","13.9","","","","","","","資訊服務業","張峰旗","張峰旗"
="4999","鑫禾","市","11/19","24.1","-0.05","-0.21","10","7.44","7.44","17.9","23.8","12.5","","","","","","","電子零組件業","蘇丁鴻","蘇丁鴻"
="5007","三星","市","11/19","52.7","+1.5","+2.93","10","29.5","29.49","155","60.4","27.8","","","","","","","鋼鐵工業","柯吉源","陳信志"
="5203","訊連","市","11/19","97.1","-1","-1.02","10","7.91","7.91","76.8","35.3","25.1","","","有","有","","","資訊服務業","黃肇雄","古媄君;林昭宏"
="5215","科嘉-KY","市","11/19","37.2","-1.1","-2.87","10","6.43","6.43","23.9","16.3","13.9","","","","","","","電腦及週邊設備業","林志峰","何和和"
="5222","全訊","市","11/19","126","-1.5","-1.18","10","9.09","9.09","114","27.4","4.07","","","有","","","","半導體業","張全生","張全生、吳昌崙、張景學"
="5225","東科-KY","市","11/19","100.5","+0.6","+0.6","10","7.85","7.84","78.8","14.8","13","","","有","有","","","其他電子業","東科聲學股份有限公司","陳海龍"
="5234","達興材料","市","11/19","315.5","-1.5","-0.47","10","10.3","10.27","324","19.4","13.3","","","有","","","","光電業","林正一","郭宗鑫"
="5243","乙盛-KY","市","11/19","79.6","+1","+1.27","10","16.9","16.85","134","17.4","12","","","有","","","","光電業","蔡嘉祥","黃薰鋒"
="5244","弘凱","市","11/19","37.4","0","0","10","6.82","6.82","25.5","20.2","3.84","","","","有","","","光電業","黃建中","曾智宏"
="5258","虹堡","市","11/19","64.4","-0.2","-0.31","10","11","11.04","71.1","32.6","8.89","","","有","","","","電腦及週邊設備業","辛華熙","林鴻鈞"
="5269","祥碩","市","11/19","1205","-25","-2.03","10","7.48","7.48","901","21.7","12.9","有","","有","","","","半導體業","徐世昌","林哲偉"
="5283","禾聯碩","市","11/19","58.2","-0.7","-1.19","10","7.3","7.3","42.5","23.5","6.49","","","","","","","電器電纜","蔡柏毅","林欽宏"
="5284","jpp-KY","市","11/19","269","-6","-2.18","10","5.29","5.09","137","13.5","11.1","","","有","有","","","其他業","鍾國松","藺以權"
="5285","界霖","市","11/19","51.5","-1.3","-2.46","10","10.2","10.2","52.6","25.1","11.7","","","","","","","半導體業","蔡上元","蔡上民"
="5288","豐祥-KY","市","11/19","131","-0.5","-0.38","10","6.97","6.97","91.3","14.3","11.2","","","","有","","","電機機械","游明輝","吳聰武"
="5292","華懋","市","11/19","140","-2","-1.41","10","4.21","4.21","59","36.2","2","","","","","","","綠能環保","鄭石治","林國源"
="5306","桂盟","市","11/19","88.6","-0.1","-0.11","10","12.6","12.6","112","36.6","29.9","","","","有","","","運動休閒","吳盈進","吳瑞章"
="5388","中磊","市","11/19","79.5","-0.7","-0.87","10","30","30.04","239","33.3","26.5","有","","有","","","","通信網路業","王煒","林斌"
="5434","崇越","市","11/19","286.5","-8.5","-2.88","10","19.1","19.13","548","35.8","25.5","","","有","","","","電子通路業","潘重良","曾海華及李正榮"
="5469","瀚宇博","市","11/19","87","-1.5","-1.69","10","48.6","48.62","423","36.7","24.8","","","有","","","","電子零組件業","焦佑衡","陶正國"
="5471","松翰","市","11/19","32.85","-0.2","-0.61","10","16.8","16.79","55.1","29.4","25","","","","","","","半導體業","鮑世嘉","柯福順"
="5484","慧友","市","11/19","34","-1","-2.86","10","6.68","6.68","22.7","30.3","24.7","","","","","","","光電業","莊永順","職缺待補"
="5515","建國","市","11/19","30.7","-1.95","-5.97","10","20.2","20.16","61.9","65","26.8","","","","","","","建材營造業","吳昌修","甘茂盛"
="5519","隆大","市","11/19","30.9","+0.35","+1.15","10","21.9","21.92","67.7","43.6","26.1","","","","","","","建材營造業","陳武聰","洪茂源"
="5521","工信","市","11/19","14.5","-0.5","-3.33","10","49.2","49.23","71.4","78.8","26","","","","","","","建材營造業","潘瑩娟","丁承之"
="5522","遠雄","市","11/19","57","+0.6","+1.06","10","78.2","78.16","446","47.3","25.9","","","有","有","","","建材營造業","趙文嘉","王耀堂"
="5525","順天","市","11/19","28","0","0","10","31.8","31.81","89.1","38","25.5","","","","","","","建材營造業","柯興樹","林丙申"
="5531","鄉林","市","11/19","9.08","0","0","10","108","107.8","97.8","35.5","24.4","","","","","","有","建材營造業","賴正鎰","方偉民"
="5533","皇鼎","市","11/19","14.3","-0.15","-1.04","10","28.5","28.52","40.8","34.6","24.3","","","","","","","建材營造業","劉信雄","曹羅方"
="5534","長虹","市","11/19","73.7","-0.3","-0.41","10","29","29.03","214","50","23.7","有","","有","有","","","建材營造業","李文造","李耀中"
="5538","東明-KY","市","11/19","28.85","+0.4","+1.41","10","20.1","20.12","58","16","11.9","","","","","","","鋼鐵工業","蔡清東","蔡弘泉"
="5546","永固-KY","市","11/19","23.65","-0.25","-1.05","10","8.24","8.24","19.5","9.5","5.5","","","","","","","建材營造業","簡國釧","林皇智"
="5607","遠雄港","市","11/19","46.55","0","0","10","37.1","37.06","172","34.4","25.9","","","","","","","航運業","葉鈞耀","賴嘉玲"
="5608","四維航","市","11/19","16.4","+0.1","+0.61","10","38.9","38.93","63.8","40.7","24.4","","","有","有","","","航運業","藍心琪","藍心琪"
="5706","鳳凰","市","11/19","51.3","-0.3","-0.58","10","8.49","8.49","43.6","68.6","24","","","","","","","觀光餐旅","張巍耀","卞傑民"
="5871","中租-KY","市","11/19","100","0","0","10","186","171.1","1,711","15.9","13.9","有","","有","有","","有","其他業","陳鳳龍","陳鳳龍"
"5871A","中租-KY甲特","市","11/19","102","0","0","","","15","153","","5.19","","","","","","","其他業","",""
="5876","上海商銀","市","11/19","39.45","+0.05","+0.13","10","486","486.2","1,918","71.2","7.09","有","","有","有","","","銀行業","李慶言","郭進一"
="5880","合庫金","市","11/19","23.8","-0.1","-0.42","10","1,568","1,568","3,732","14","14","有","有","有","","","","金控業","林衍茂","蘇佐政"
="5906","台南-KY","市","11/19","52.1","+0.5","+0.97","10","3.57","3.57","18.6","26.8","14.1","","","","","","","貿易百貨業","楊青峯","陳慧姝"
="5907","大洋-KY","市","11/19","5.67","+0.04","+0.71","10","19.6","19.55","11.1","19.2","13.5","","","","","","","貿易百貨業","郭人豪","黃清海"
="6005","群益證","市","11/19","24.35","+0.25","+1.04","10","217","217.1","529","37.4","30.2","有","","","","","","證券業","周秀真","李文柱"
="6024","群益期","市","11/19","48.8","+0.05","+0.1","10","25","24.99","122","28.7","16.6","","","","","","","證券業","賈中道","毛振華"
="6108","競國","市","11/19","12.8","-0.15","-1.16","10","15.7","15.99","20.5","44","24.2","","","","","","","電子零組件業","曹月霞","賴進財"
="6112","邁達特","市","11/19","46.9","-0.25","-0.53","10","18.8","18.84","88.3","27.6","24.3","","","有","","有","","資訊服務業","曾文興","施建成"
="6115","鎰勝","市","11/19","46.1","-0.1","-0.22","10","18.8","18.77","86.5","39","23.9","","","","有","","","電子零組件業","黃子成","方義雄"
="6116","彩晶","市","11/19","6.96","-0.03","-0.43","10","294","294","205","27.4","24.3","有","","有","","","","光電業","焦佑麒","陳盛中"
="6117","迎廣","市","11/19","73.2","-0.4","-0.54","10","9.19","9.15","67","39.9","23.9","","","有","有","","","電腦及週邊設備業","賴文賢","黃國輝"
="6120","達運","市","11/19","10.1","-0.1","-0.98","10","59.9","59.9","60.5","36.1","23.9","","","","","","","光電業","蔡國新","黃勝凱"
="6128","上福","市","11/19","22.35","0","0","10","12.8","12.76","28.5","47.4","23.9","","","","","","","電腦及週邊設備業","王國印","王瑞麒"
="6133","金橋","市","11/19","15.65","-0.25","-1.57","10","11.7","11.7","18.3","49","23.8","","","","","","","電子零組件業","林麥升","蔣德山"
="6136","富爾特","市","11/19","23.5","-0.05","-0.21","10","11.6","11.55","27.2","33.6","23.8","","","","","","","通信網路業","吳長青","鄭正川"
="6139","亞翔","市","11/19","428.5","+14","+3.38","10","23.4","23.33","1,000","47","23.8","有","","有","有","","","其他電子業","姚祖驤","蔣曉麟"
="6141","柏承","市","11/19","10.4","-0.65","-5.88","10","11.3","11.34","11.8","35.5","23.8","","","","","","","電子零組件業","李齊良","洪宗義"
="6142","友勁","市","11/19","9.01","-0.19","-2.07","10","33.1","33.08","29.8","34.7","23.8","","","","","有","","通信網路業","吳宗哲","鄭吉智"
="6152","百一","市","11/19","8.24","-0.15","-1.79","10","16.8","16.77","13.8","30.4","23.6","","","","","","","通信網路業","許錦輝","陳衍史(代理)"
="6153","嘉聯益","市","11/19","14.1","-0.3","-2.08","10","63.6","63.62","89.7","33","23.8","有","","有","","有","","電子零組件業","賴偉珍","張家豪"
="6155","鈞寶","市","11/19","34.75","-2.15","-5.83","10","8.8","8.8","30.6","39","23.7","","","","","","","電子零組件業","楊正利","蔡裕江"
="6164","華興","市","11/19","9.67","-0.04","-0.41","10","8","8","7.74","48.2","23.6","","","","有","","","光電業","劉守雄","劉守雄"
="6165","浪凡","市","11/19","48.2","-1.05","-2.13","10","7.78","7.78","37.5","52.6","23.7","","","","","","","數位雲端","王亦衡","王亦衡"
="6166","凌華","市","11/19","55.9","+0.1","+0.18","10","21.7","21.75","122","30.2","23.6","","","有","","有","","電腦及週邊設備業","劉鈞","黃怡暾"
="6168","宏齊","市","11/19","18.4","-0.35","-1.87","10","20.6","20.61","37.9","30.7","23.7","","","","有","","","光電業","汪秉龍","汪秉龍"
="6176","瑞儀","市","11/19","118","0","0","10","46.5","46.5","549","30.3","23.6","有","","有","","","","光電業","王昱超","王昱超"
="6177","達麗","市","11/19","44.25","+0.05","+0.11","10","47.2","47.19","209","48.1","23.6","","","有","有","","","建材營造業","謝志長","李堯芳"
="6183","關貿","市","11/19","95.5","0","0","10","15","15","143","29.3","23.5","","","","","","","資訊服務業","張陸生","高國峰"
="6184","大豐電","市","11/19","46.4","0","0","10","15.8","15.83","73.4","29.7","23.5","","","","有","","","其他業","張銘志","劉登榮"
="6189","豐藝","市","11/19","42.75","-0.6","-1.38","10","26.4","26.38","113","39.5","23.2","","","有","有","","","電子通路業","陳澄芳","杜懷琪"
="6191","精成科","市","11/19","104","-2","-1.89","10","49.9","49.93","519","52.7","34.7","","","有","","","","電子零組件業","焦佑衡","陶正國/楊建輝"
="6192","巨路","市","11/19","98.6","+0.1","+0.1","10","9.62","9.62","94.8","50.3","23","","","","","","","其他電子業","林建國","周行"
="6196","帆宣","市","11/19","220.5","0","0","10","21.8","20.22","446","36.9","23.1","","","有","有","","","其他電子業","高新明","林育業"
="6197","佳必琪","市","11/19","137","-1","-0.72","10","12.2","12.21","167","33.5","22.9","","","有","有","","","電子零組件業","張舒眉","張偉三"
="6201","亞弘電","市","11/19","55.9","-0.6","-1.06","10","8.92","8.92","49.9","44","22.9","","","","","","","其他電子業","黃晉益","許瑞峯"
="6202","盛群","市","11/19","36.2","-0.5","-1.36","10","23","23.04","83.4","27.1","23","","","有","","有","","半導體業","吳啟勇","蔡榮宗"
="6205","詮欣","市","11/19","37","-1","-2.63","10","8.22","8.22","30.4","39.6","22.9","","","","有","","","電子零組件業","吳連溪","吳連溪"
="6206","飛捷","市","11/19","93","+0.2","+0.22","10","14.3","14.31","133","41.3","22.9","","","有","","","","電腦及週邊設備業","林大成","徐嘉宏"
="6209","今國光","市","11/19","56.5","-0.1","-0.18","10","17.4","17.44","98.6","45.4","22.9","","","","","","","光電業","陳慶棋","陳義方"
="6213","聯茂","市","11/19","99.6","-2.4","-2.35","10","36.3","36.3","362","28.6","22.9","有","","有","有","","","電子零組件業","陳進財","蔡馨(日彗)"
="6214","精誠","市","11/19","116.5","-3","-2.51","10","27.2","27.22","317","28.9","22.9","","","有","有","","","資訊服務業","林隆奮","林隆奮"
="6215","和椿","市","11/19","97.3","-1.3","-1.32","10","8.28","8.28","80.6","45","22.9","","","有","","","","其他電子業","程天縱","朱鋑隆"
="6216","居易","市","11/19","26.05","-0.15","-0.57","10","9.7","9.62","25.1","28.1","22.8","","","","有","","","通信網路業","馬鴻方","鄭明德"
="6224","聚鼎","市","11/19","42.25","-0.35","-0.82","10","8.56","8.56","36.2","27.9","22.9","","","","有","","","電子零組件業","朱復華","朱復華"
="6225","天瀚","市","11/19","16.2","-0.1","-0.61","10","2.78","2.78","4.5","28.1","22.8","","","","","有","","光電業","鄭又晉","葉綾蓮"
="6226","光鼎","市","11/19","6.57","-0.14","-2.09","10","11.6","11.55","7.59","38.2","22.8","","","","有","","","光電業","馬景鵬","馬景鵬"
="6230","尼得科超眾","市","11/19","107.5","-3.5","-3.15","10","8.63","8.63","92.8","51.9","22.8","","","有","","","","電腦及週邊設備業","三好昭宏","無"
="6235","華孚","市","11/19","57.6","-0.1","-0.17","10","20","19.99","115","71.8","22.7","","","有","","","","電腦及週邊設備業","蔡豐賜","甘錦添"
="6239","力成","市","11/19","154","-6.5","-4.05","10","75.9","75.91","1,169","28.5","22.6","有","","有","","","","半導體業","蔡篤恭","呂肇祥"
="6243","迅杰","市","11/19","27.6","-0.9","-3.16","10","4.53","4.53","12.5","27.5","22.6","","","","","有","","半導體業","羅時豪","許舒茵"
="6257","矽格","市","11/19","94.8","-0.5","-0.52","10","48.4","48.39","459","36.9","22.2","有","","有","有","","","半導體業","黃興陽","葉燦鍊"
="6269","台郡","市","11/19","49.15","-1.25","-2.48","10","32.3","32.32","159","27.9","22.2","有","","有","有","","","電子零組件業","鄭明智","David Cheng"
="6271","同欣電","市","11/19","122","+1.5","+1.24","10","20.9","20.91","255","51.3","18","有","","有","","","","半導體業","陳泰銘","呂紹萍"
="6277","宏正","市","11/19","60.9","+0.3","+0.5","10","11.9","11.95","72.8","46.4","22.1","","","","","","","電腦及週邊設備業","陳尚仲","陳尚仲"
="6278","台表科","市","11/19","98.3","-0.1","-0.1","10","29.2","29.24","287","35.7","21.7","有","","有","","","","光電業","伍開雲","伍允中"
="6281","全國電","市","11/19","63.7","-0.3","-0.47","10","9.92","9.92","63.2","39.9","20","","","","","","","電子通路業","林政勲","林政勲"
="6282","康舒","市","11/19","38.95","-0.85","-2.14","10","85.8","85.85","334","44.3","22.2","有","","有","有","","","電子零組件業","許介立","許介立"
="6283","淳安","市","11/19","25.3","-0.1","-0.39","10","14.8","14.79","37.4","29.9","22","","","","","有","","其他電子業","秦榮華","秦榮華"
="6285","啟碁","市","11/19","96","-2.2","-2.24","10","48.4","48.41","465","29","22.2","有","","有","","","","通信網路業","謝宏波","高健榮"
="6405","悅城","市","11/19","24.35","-1.2","-4.7","10","6.58","6.58","16","21.4","12","","","","","","","光電業","陳春夏","吳德宏"
="6409","旭隼","市","11/19","1045","-50","-4.57","10","8.77","8.77","917","17.6","11.6","","","有","","","","其他電子業","謝卓明","謝卓明"
="6412","群電","市","11/19","87.4","-0.8","-0.91","10","40.1","40.08","350","16.9","12","","","有","","","","電子零組件業","呂進宗","曾國華"
="6414","樺漢","市","11/19","288","-0.5","-0.17","10","13.8","13.75","396","26.4","11.6","有","","有","","","","電腦及週邊設備業","朱復銓","蔡能吉"
="6415","矽力*-KY","市","11/19","185","-6","-3.14","2.5","9.71","38.81","718","17.8","11.9","","","有","","","","半導體業","陳偉","游步東及謝兵"
="6416","瑞祺電通","市","11/19","75","-0.8","-1.06","10","7.33","7.33","55","18.6","7.6","","","有","","","","通信網路業","朱復銓","洪德富"
="6423","億而得-創","市","11/19","70.9","-1.9","-2.61","10","3","3","21.3","24.2","1.52","","","","","","","半導體業","黃文謙","黃文謙"
="6426","統新","市","11/19","65.8","+0.3","+0.46","10","3.85","3.85","25.3","22.3","10.9","","","","","","","通信網路業","李英坤","魏敬易"
="6431","光麗-KY","市","11/19","16.35","-0.15","-0.91","10","9.74","9.74","15.9","13.4","11","","","","","有","","生技醫療業","TEC INNOVATION CO.,LTD. 代表人：王嘉瑋","林敬祥"
="6438","迅得","市","11/19","119","-1","-0.83","10","8.22","8.22","97.8","26.1","8.57","","","有","有","","","其他電子業","王年清","."
="6442","光聖","市","11/19","1005","-25","-2.43","10","7.73","7.73","777","29.2","10.4","","","有","","","","通信網路業","CHEN, STEVE","張英華"
="6443","元晶","市","11/19","12.85","-0.35","-2.65","10","53.9","53.87","69.2","15.4","10.1","有","","有","","","有","光電業","偉任投資股份有限公司","洪振仁"
="6446","藥華藥","市","11/19","453.5","0","0","10","37.9","37.92","1,720","25.5","9.34","","","","","","","生技醫療業","詹青柳","黃正谷"
="6449","鈺邦","市","11/19","159","-3.5","-2.15","10","9.19","9.19","146","19.9","10.9","","","有","","","","電子零組件業","鄭敦仁","林溪東"
="6451","訊芯-KY","市","11/19","135.5","-5","-3.56","10","10.7","10.75","146","17.9","10.8","","","有","","","","半導體業","蔣尚義","徐文一"
="6456","GIS-KY","市","11/19","41.4","-0.85","-2.01","10","33.8","33.79","140","14.9","10.4","","","有","","","","光電業","周賢穎","徐同炤"
="6464","台數科","市","11/19","77.3","0","0","10","12.5","12.5","96.6","19.3","9.93","","","","有","","","其他業","廖紫岑","廖仁男"
="6472","保瑞","市","11/19","510","-18","-3.41","10","12.4","12.45","635","18.4","8.59","有","","有","","","","生技醫療業","盛保熙","盛保熙"
="6477","安集","市","11/19","34.2","-1.9","-5.26","10","12.4","12.38","42.3","18.8","9.42","","","","有","","","光電業","黃國棟","許家榮"
="6491","晶碩","市","11/19","310.5","-6","-1.9","10","7.8","7.8","242","16.2","6.12","","","有","","","","生技醫療業","郭明棟","楊德勝"
="6504","南六","市","11/19","42.05","+0.25","+0.6","10","7.26","7.26","30.5","47","12.5","","","","","","","其他業","黃清山","黃世鐘"
="6505","台塑化","市","11/19","53.5","-0.6","-1.11","10","953","952.6","5,096","33.6","21.9","有","","有","有","","","油電燃氣業","曹明","林克彥"
="6515","穎崴","市","11/19","2140","-20","-0.93","10","3.6","3.6","771","24.6","4.83","","","有","有","","","半導體業","王嘉煌","王嘉煌"
="6525","捷敏-KY","市","11/19","73","-0.3","-0.41","10","12.9","12.9","94.2","27.6","9.61","","","","","","","半導體業","鄭祝良","湯彥鏘"
="6526","達發","市","11/19","434","-6.5","-1.48","10","16.8","16.75","727","24.3","2.09","有","","有","","","","半導體業","謝清江","謝清江"
="6531","愛普*","市","11/19","401.5","-8","-1.95","5","8.13","16.25","652","14.3","9.47","","","有","","","","半導體業","陳文良","洪志勳"
="6533","晶心科","市","11/19","264.5","-3","-1.12","10","5.07","5.07","134","20.7","8.69","","","有","","","","半導體業","林志明","蘇泓萌"
="6534","正瀚-創","市","11/19","93.6","+0.4","+0.43","10","10.3","10.28","96.2","12","1.92","","","","","","","生技醫療業","吳正邦","陳文仁 (暫代)"
="6541","泰福-KY","市","11/19","52","-1.8","-3.35","10","26.5","26.47","138","12.5","8.07","","","","","","","生技醫療業","盛保熙","Stephen Lam"
="6550","北極星藥業-KY","市","11/19","29","-0.25","-0.85","10","77","77.04","223","19.8","3.46","","","","有","有","","生技醫療業","Digital Capital Inc. (代表人: 徐展平)","徐展平"
="6552","易華電","市","11/19","24.25","-0.35","-1.42","10","8.3","8.3","20.1","52.1","8.86","","","","","","","半導體業","温文郁","黃梅雪"
="6558","興能高","市","11/19","35.8","-0.4","-1.1","10","9.38","9.38","33.6","28.7","6.96","","","","","有","","其他電子業","陳國鍾","謝祥豪"
="6573","虹揚-KY","市","11/19","14.75","-1.05","-6.65","10","8.05","8.05","11.9","15.9","8.15","","","","","","","半導體業","高桂珍","高桂珍"
="6579","研揚","市","11/19","107.5","-1","-0.92","10","16.9","16.95","182","15","8.25","","","","","","","電腦及週邊設備業","莊永順","林建宏"
="6581","鋼聯","市","11/19","108","0","0","10","11.1","11.13","120","30.5","7.81","","","","","","","綠能環保","林才翔","謝宗霖"
="6582","申豐","市","11/19","32.2","-0.9","-2.72","10","10.6","10.62","34.2","46.3","8.43","","","","","","","橡膠工業","黃鯤雄","曾建稄"
="6585","鼎基","市","11/19","87","-3","-3.33","10","7.21","7.21","62.8","44.7","3.5","","","有","","","","其他業","林勳臺","林庚賢"
="6589","台康生技","市","11/19","72.8","-1.8","-2.41","10","30.6","30.62","223","12.9","6.4","","","","","有","","生技醫療業","劉理成","劉理成"
="6591","動力-KY","市","11/19","74.3","-0.4","-0.54","10","4.11","4.11","30.6","12","7.9","","","","有","","","電腦及週邊設備業","許文昉","許文昉"
="6592","和潤企業","市","11/19","60.5","0","0","10","72.3","62.32","377","26.5","5.95","","","","有","","有","其他業","陳建州","林彥良"
"6592A","和潤企業甲特","市","11/19","97","-0.2","-0.21","","","5","48.5","","3.15","","","","","","","其他業","",""
"6592B","和潤企業乙特","市","11/19","97.8","-0.2","-0.2","","","5","48.9","","2.22","","","","","","","其他業","",""
="6598","ABC-KY","市","11/19","20.55","-0.45","-2.14","10","10.3","10.28","21.1","9.6","5.45","","","","","","","生技醫療業","李家榮","何重人"
="6605","帝寶","市","11/19","137.5","-0.5","-0.36","10","16.6","16.58","228","45.6","21.7","","","有","有","","","汽車工業","謝綉氣","許 (余又) 銘"
="6606","建德工業","市","11/19","24.35","-0.25","-1.02","10","11","11.03","26.9","59.7","2.66","","","","","","","電機機械","李金旆","黃盈璇"
="6625","必應","市","11/19","87","+0.6","+0.69","10","5.8","5.8","50.4","11.9","7.78","","","","","","","其他業","周佑洋","周佑洋"
="6641","基士德-KY","市","11/19","20.2","-0.35","-1.7","10","3.65","3.65","7.37","12.1","7.16","","","","有","","","綠能環保","謝宏炅","陳世賢"
="6645","金萬林-創","市","11/19","18.85","+0.05","+0.27","10","6.09","6.09","11.5","21.3","1.92","","","","","","","生技醫療業","吳品聰","楊文明"
="6655","科定","市","11/19","102.5","+2.5","+2.5","10","8.06","8.06","82.6","23.3","6.98","","","","","","","其他業","曹憲章","曹憲章"
="6657","華安","市","11/19","42.45","+0.9","+2.17","10","8.87","8.87","37.6","13.2","2.44","","","","","","","生技醫療業","陳翰民","江銘燦"
="6658","聯策","市","11/19","47.95","+0.1","+0.21","10","3.64","3.64","17.4","23.6","2.05","","","","","","","其他電子業","林文彬","林文彬"
="6666","羅麗芬-KY","市","11/19","44.45","+0.1","+0.23","10","4.74","4.74","21.1","9.2","7","","","","","","","生技醫療業","嘉黛國際有限公司(代表人:羅麗芬)","饒煥文"
="6668","中揚光","市","11/19","37","-0.6","-1.6","10","10.7","10.71","39.6","12.5","6.94","","","","有","有","","光電業","李榮洲","許智程"
="6669","緯穎","市","11/19","4150","+20","+0.48","10","18.6","18.58","7,712","13.7","6.65","有","","有","有","","","電腦及週邊設備業","洪麗寗","林威遠"
="6670","復盛應用","市","11/19","231.5","-1.5","-0.64","10","13.9","13.94","323","15.2","6.92","","","有","","","","運動休閒","李亮箴","江慶生"
="6671","三能-KY","市","11/19","36","0","0","10","6.08","6.08","21.9","10.6","6.94","","","","","","","居家生活","張瑞榮","蕭凱峰"
="6672","騰輝電子-KY","市","11/19","84.5","-2.2","-2.54","10","7.14","7.14","60.4","13.1","6.6","","","","","","","電子零組件業","Alpha Victor Limited代表人：王有慈","鍾健人"
="6674","鋐寶科技","市","11/19","20.6","-0.25","-1.2","10","6.88","6.88","14.2","16.3","6.98","","","","","","","通信網路業","翁宗斌","王昱賀"
="6689","伊雲谷","市","11/19","61","-1.1","-1.77","10","6.8","6.8","41.5","12.2","3.19","","","有","","","","數位雲端","蔡佳宏","林儀(執行長)"
="6691","洋基工程","市","11/19","443.5","+12","+2.78","10","12.1","12.15","539","45.3","3.88","","","有","","","","其他電子業","劉士源","林鴻忠"
="6695","芯鼎","市","11/19","41.1","-1.2","-2.84","10","9.65","9.65","39.7","15.9","3.04","","","","","有","","半導體業","羅森洲","許英偉"
="6698","旭暉應材","市","11/19","29.6","-0.3","-1","10","6.64","6.64","19.7","18.5","5.99","","","","","","","其他電子業","趙勤孝","王宜凡"
="6706","惠特","市","11/19","77.6","-0.3","-0.39","10","7.86","7.86","61","25.8","5.92","","","有","有","","","光電業","鎧叡投資有限公司 代表人：賴允晉","徐秋田"
="6715","嘉基","市","11/19","83.4","-1","-1.18","10","6.64","6.64","55.3","14.2","5.94","","","有","有","","","電子零組件業","朱德祥","羅偉仁"
="6719","力智","市","11/19","194.5","+0.5","+0.26","10","10.5","10.54","205","19.9","3.85","","","有","","有","","半導體業","許先越","黃學偉"
="6742","澤米","市","11/19","40.95","-1.05","-2.5","10","7.13","7.13","29.2","22.8","1.96","","","","","","","光電業","何昆年(全珩投資股份有限公司代表人)","李振瑞"
="6743","安普新","市","11/19","27.95","-0.35","-1.24","10","15","15","41.9","27.4","4.93","","","","","","","其他電子業","黃常青","黃常青"
="6753","龍德造船","市","11/19","111","-1","-0.89","10","11.3","11.31","126","49.5","2.7","","","有","有","","","航運業","黃守真","黃守龍"
="6754","匯僑設計","市","11/19","46.5","+0.15","+0.32","10","6.6","6.6","30.7","10.9","5.24","","","","","","","居家生活","王秀卿","楊信力"
="6756","威鋒電子","市","11/19","75.5","0","0","10","6.99","6.99","52.8","17.4","4.91","","","","","","","半導體業","陳文琦","林志峰"
="6757","台灣虎航","市","11/19","67.5","0","0","10","46","45.95","310","11.6","2.27","有","","有","","","","航運業","黃世惠","待委任"
="6768","志強-KY","市","11/19","110.5","+2","+1.84","10","20","20.01","221","8.6","4.58","","","有","有","","","運動休閒","陳維家","馬世正"
="6770","力積電","市","11/19","35.35","-0.55","-1.53","10","419","418.8","1,480","17.6","3.96","有","","有","","","","半導體業","黃崇仁","朱憲國"
="6771","平和環保-創","市","11/19","48.5","0","0","10","3.12","3.12","15.1","19.3","1.51","","","","有","","","綠能環保","吳明陽","黃弘傑"
="6776","展碁國際","市","11/19","49.85","0","0","10","8.16","8.16","40.7","47.9","4.64","","","","","","","電子通路業","陳俊聖","林佳璋"
="6781","AES-KY","市","11/19","1380","-35","-2.47","10","8.54","8.54","1,179","5.9","4.66","","","有","","","","電子零組件業","宋福祥","宋維哲"
="6782","視陽","市","11/19","169","+1","+0.6","10","6.3","6.3","106","27","2.98","","","有","","","","生技醫療業","李重儀","李重儀"
="6789","采鈺","市","11/19","230.5","+1","+0.44","10","31.8","31.83","734","22","3.39","","","有","","","","半導體業","關欣","關欣"
="6790","永豐實","市","11/19","36.9","-0.2","-0.54","10","26.7","26.71","98.6","39.1","4.14","","","","","","","造紙工業","何奕達","陳亭蓁"
="6792","詠業","市","11/19","50","-0.5","-0.99","10","4.79","4.79","23.9","37.6","3.95","","","","","","","通信網路業","蘇開建","張鳴助"
="6794","向榮生技","市","11/19","70.6","+0.1","+0.14","10","6.07","6.36","44.9","7.6","1.5","","","","","有","","生技醫療業","蔡意文","洪懿珮"
="6796","晉弘","市","11/19","86.6","+0.3","+0.35","10","3.82","3.82","33.1","15.3","3.47","","","","有","","","生技醫療業","鄭竹明","鄭竹明"
="6799","來頡","市","11/19","73.7","-1.4","-1.86","10","4.31","4.31","31.7","15.2","3.53","","","","","","","半導體業","愛普科技股份有限公司","孟慶達"
="6805","富世達","市","11/19","1480","+45","+3.14","10","6.86","6.86","1,015","24.4","2.03","","","有","","","","電子零組件業","黃祖模","徐安賜"
="6806","森崴能源","市","11/19","39.35","-2.05","-4.95","10","27.5","27.46","108","18.6","4.01","","","","有","","","綠能環保","郭台強","胡惠森"
="6807","峰源-KY","市","11/19","45.65","-0.1","-0.22","10","5.4","5.4","24.7","6.4","3.57","","","","","","","居家生活","蔡文達","蔡文達"
="6830","汎銓","市","11/19","149","-2.5","-1.65","10","5.18","5.18","77.2","20.3","3.22","","","有","","","","其他電子業","柳紀綸","柳紀綸"
="6834","天二科技","市","11/19","29.7","+2","+7.22","10","8.85","8.85","26.3","55.8","3.22","","","","","","","電子零組件業","廖震益","黃弘傑"
="6835","圓裕","市","11/19","38.7","-0.1","-0.26","10","6.62","6.62","25.6","45.4","3.03","","","","","","","電子零組件業","張志中","杜淑敏"
="6838","台新藥","市","11/19","26.3","-0.05","-0.19","10","15.1","15.1","39.7","15","1.27","","","","","","","生技醫療業","程正禹","許力克"
="6854","錼創科技-KY創","市","11/19","128","-1.5","-1.16","10","11.8","11.77","151","11.7","3.26","","","","","","","半導體業","李允立","李允立"
="6861","睿生光電","市","11/19","56.2","-0.3","-0.53","10","4.16","4.15","23.3","6.6","2.65","","","","","","","生技醫療業","楊柱祥","李志聖"
="6862","三集瑞-KY","市","11/19","168.5","+6","+3.69","10","5","5","84.2","4.4","1.08","","","有","","","","電子零組件業","林伙利","林伙利"
="6863","永道-KY","市","11/19","106","-1.5","-1.4","10","7.49","7.49","79.4","4.1","2.67","","","有","","","","通信網路業","何奕達","林秉毅"
="6869","雲豹能源","市","11/19","94.4","-1.7","-1.77","10","13.8","13.78","130","9.8","2.69","","","有","有","","","綠能環保","廖福生","趙書閔"
="6873","泓德能源","市","11/19","97","-1.4","-1.42","10","14.1","14.19","138","9.5","1.15","","","有","有","有","","綠能環保","謝源一","周仕昌"
="6885","全福生技","市","11/19","28.7","+0.5","+1.77","10","13.3","13.32","38.2","12.3","0.93","","","","","","","生技醫療業","林羣","徐文祺"
="6887","寶綠特-KY","市","11/19","62.3","-0.9","-1.42","10","7.41","7.41","46.2","12.6","0.7","","","","","","","綠能環保","歐晢文","歐晢文"
="6890","來億-KY","市","11/19","243","+13.5","+5.88","10","24.9","24.94","606","4.4","1.44","","","有","","","","運動休閒","鐘德禮","林昌永"
="6901","鑽石投資","市","11/19","16.35","-0.35","-2.1","10","85.2","85.18","139","12.9","2.17","","","","","","","其他業","楊泮池","吳友梅"
="6902","GOGOLOOK","市","11/19","77","+0.5","+0.65","10","3.54","3.54","27.2","13.6","2.36","","","","","","","數位雲端","鄭勝丰","郭建甫"
="6906","現觀科","市","11/19","88","+2","+2.33","10","3.35","3.35","29.5","6.2","1.85","","","","","","","數位雲端","邱大剛","邱大剛"
="6909","創控","市","11/19","35.9","-0.3","-0.83","10","6.72","6.72","24.1","15.8","0.5","","","","","","","半導體業","王禮鵬","王禮鵬"
="6914","阜爾運通","市","11/19","147.5","+1.5","+1.03","10","6.62","6.62","97.7","24.8","1.55","","","","","","","其他業","楊文杰","潘壕新"
="6916","華凌","市","11/19","16.75","-0.3","-1.76","10","6.75","6.75","11.3","27.4","1.96","","","","","","","光電業","廖育斌","廖育斌"
="6918","愛派司","市","11/19","86.5","+0.7","+0.82","10","3.46","3.46","29.9","16.2","0.45","","","","","","","生技醫療業","李泗銘","羅翔煒"
="6919","康霈*","市","11/19","134.5","+12","+9.8","0.5","7.75","155.1","2,086","13.1","1.13","","","","","","","生技醫療業","徐坴暉","凌玉芳"
="6923","中台","市","11/19","96.5","-0.4","-0.41","10","9.15","9.15","88.3","24.5","1.15","","","有","","","","綠能環保","鄭光傑","張啓達"
="6924","榮惠-KY創","市","11/19","61.8","+1.6","+2.66","10","2.08","2.08","12.9","10.1","0.96","","","","","","","電子零組件業","劉世璘","許銘哲"
="6928","攸泰科技","市","11/19","46.9","-0.8","-1.68","10","8.6","8.6","40.3","14.4","1.51","","","","","","","電腦及週邊設備業","簡民智","謝彥鵬"
="6931","青松健康","市","11/19","58.5","-2.2","-3.62","10","6.62","6.62","38.7","18.5","0.85","","","","","","","生技醫療業","陳謀","周孟賢"
="6933","AMAX-KY","市","11/19","155.5","-2","-1.27","10","4.24","4.21","65.5","3.9","2.03","","","有","","","","電腦及週邊設備業","倪小菁","倪小菁"
="6936","永鴻生技","市","11/19","34.15","0","0","10","7.28","7.28","24.8","13.5","0.56","","","","","","","生技醫療業","鍾威凱","鍾威凱"
="6937","天虹","市","11/19","205.5","-4.5","-2.14","10","6.76","6.76","139","23.3","1.94","","","有","","","","半導體業","黃見駱","黃見駱"
="6944","兆聯實業","市","11/19","524","+10","+1.95","10","7.63","7.63","400","20.9","0.48","","","有","","","","綠能環保","林國清","曹逸昌"
="6949","沛爾生醫-創","市","11/19","359","-8","-2.18","10","5.87","5.86","210","8.6","1.7","","","","","","","生技醫療業","林成龍","林成龍"
="6951","青新-創","市","11/19","72.8","-0.6","-0.82","10","4.6","4.6","33.5","26.4","1.42","","","","","","","綠能環保","張芳正","張財榮"
="6952","大武山","市","11/19","42.35","-1.5","-3.42","10","6.83","6.83","28.9","18.9","1.44","","","","","","","其他業","林鳳春","魏尚將"
="6955","邦睿生技-創","市","11/19","163","-1","-0.61","10","2.48","2.48","40.4","9.9","0.96","","","","","","","生技醫療業","徐振騰","徐振騰"
="6957","裕慶-KY","市","11/19","207","+2.5","+1.22","10","5.55","5.55","115","7.4","1.4","","","有","","","","其他業","廖昭宜","廖昭宜"
="6958","日盛台駿","市","11/19","15.15","-0.65","-4.11","10","40.3","40.33","61.1","44.3","1.25","","","","","","","其他業","簡志明","朱志威"
="6962","奕力-KY","市","11/19","40.2","-0.95","-2.31","10","49.2","49.24","198","6.9","0.98","","","有","","","","半導體業","梁公偉","陳泰元"
="6965","中傑-KY","市","11/19","74","+2.4","+3.35","10","15.6","15.63","116","6.9","0.71","","","","","","","運動休閒","劉安哲","劉佑軒"
="6969","成信實業*-創","市","11/19","32.7","-0.9","-2.68","","5.49","3.81","12.5","6.1","1.2","","","","","","","綠能環保","陳鵬","謝雅敏"
="6988","威力暘-創","市","11/19","14","+0.2","+1.45","10","4.76","4.76","6.66","17.7","1.08","","","","","","","汽車工業","劉一郎","劉一郎"
="6994","富威電力","市","11/19","87.7","-1.8","-2.01","10","7.38","7.38","64.7","6.4","0.85","","","有","","","","綠能環保","胡惠森","郝遐鵬"
="7610","聯友金屬-創","市","11/19","96.7","-1.6","-1.63","10","4.86","4.86","47","7.5","0.2","","","","","","","綠能環保","顏文良","吳永中"
="7631","聚賢研發-創","市","11/19","124","+3","+2.48","10","1.98","1.98","24.6","7.8","0.69","","","","","","","其他電子業","曾國強","鄭惠芸"
="7705","三商餐飲","市","11/19","40","-0.4","-0.99","10","6.61","6.61","26.4","29","0.98","","","","","","","觀光餐旅","陳翔玢","陳翔玢"
="7711","永擎","市","11/19","278","+10","+3.73","10","6.24","7.18","199","12.8","0.97","","","","","","","電腦及週邊設備業","許隆倫","沙韋旭"
="7721","微程式","市","11/19","46.85","-0.65","-1.37","10","5.54","5.54","25.9","30","0.31","","","","","有","","數位雲端","吳騰彥","吳騰彥"
="7722","LINEPAY","市","11/19","531","+1","+0.19","10","6.8","6.8","361","10.7","0.96","","","有","","","","數位雲端","丁雄注","丁雄注"
="7730","暉盛-創","市","11/19","79","+0.2","+0.25","10","3.46","3.68","29.1","23.4","0.04","","","","","","","半導體業","宋俊毅","許嘉元"
="7732","金興精密","市","11/19","37.25","0","0","10","6.47","6.47","24.1","36.6","0.85","","","","","","","汽車工業","施春景","施春景"
="7736","虎山","市","11/19","90.8","+0.7","+0.78","10","7.6","7.6","69","42.9","0.68","","","","","","","汽車工業","陳映志","陳映志"
="7740","熙特爾-創","市","11/19","148","-6.5","-4.21","10","5.32","5.32","78.7","8.2","0.43","","","","","","","綠能環保","林聖澤","陳伯勳"
="7749","意騰-KY","市","11/19","421","-13","-3","10","4.65","4.65","196","9.5","0.44","","","有","","","","半導體業","顏志展","顏志展"
="7750","新代","市","11/19","749","-2","-0.27","10","7.18","7.18","538","30.3","0.17","","","","","","","電機機械","蔡尤鏗","蔡尤鏗"
="7765","中華資安","市","11/19","271","-0.5","-0.18","10","4.07","4.07","110","7.9","0.2","","","","","","","數位雲端","陳明仕","洪進福"
="7780","大研生醫","市","11/19","173","-5.5","-3.08","10","8.1","8.1","140","7.4","0.2","","","","","","","食品工業","張家銘","林東慶"
="7786","東方風能","市","11/19","155.5","+5","+3.32","10","17.5","17.54","273","6.3","0.01","","","","","","","綠能環保","陳柏霖","陳柏霖"
="7788","松川精密","市","11/19","100","0","0","10","7.97","7.97","79.7","51.3","0.1","","","","","","","電子零組件業","王傳世","王傳世"
="7791","皇家可口","市","11/19","72.9","-0.6","-0.82","10","8","8","58.3","39.2","0.06","","","","","","","食品工業","周明芬","高長慶"
="7799","禾榮科","市","11/19","560","-31","-5.25","10","15.8","15.65","876","8.3","0.18","","","","","","","生技醫療業","許金榮","沈孝廉"
="8011","台通","市","11/19","20.6","-0.4","-1.9","10","16.6","16.59","34.2","43.9","14.2","","","","","","","通信網路業","李慶煌","李宜娟"
="8016","矽創","市","11/19","173.5","-2","-1.14","10","12","12.01","208","33.4","21.9","","","有","","","","半導體業","毛穎文","劉孟煌"
="8021","尖點","市","11/19","119","-5.5","-4.42","10","14.2","14.22","169","29.6","20.9","","","","","","","其他電子業","林序庭","林若萍"
="8028","昇陽半導體","市","11/19","146","-3.5","-2.34","10","17.3","17.26","252","28.7","7.36","","","有","","","","半導體業","梁明成","蔡幸川"
="8033","雷虎","市","11/19","113.5","+3","+2.71","10","15.3","15.26","173","46.1","20.8","","","有","","有","","其他業","陳冠如","蘇聖傑"
="8039","台虹","市","11/19","62.4","-1.1","-1.73","10","26.3","25.67","160","28.3","21.9","有","","有","有","","","電子零組件業","孫達汶","江宗翰"
="8045","達運光電","市","11/19","74","-0.5","-0.67","10","9.5","9.5","70.3","33.1","0.94","","","有","","","","通信網路業","陳碧霜","戴國源"
="8046","南電","市","11/19","251","-14.5","-5.46","10","64.6","64.62","1,622","28.1","19.6","有","","有","","","","電子零組件業","鄒明仁","呂連瑞"
="8070","長華*","市","11/19","43.9","-0.15","-0.34","1","7.26","72.56","319","36.5","22.1","","","有","有","","","電子通路業","洪全成","黃俊勲"
="8072","陞泰","市","11/19","30.1","-0.5","-1.63","10","8","8","24.1","29.4","22","","","","","","","電子通路業","陳世忠","陳純平"
="8081","致新","市","11/19","201","-4.5","-2.19","10","8.62","8.62","173","29.4","21.2","","","有","","","","半導體業","吳錦川","謝其昌、楊人仰"
="8101","華冠","市","11/19","16.1","+0.2","+1.26","10","4.65","4.65","7.48","26.2","21.4","","","","","有","","通信網路業","李森田","何文魁"
="8103","瀚荃","市","11/19","74","+0.2","+0.27","10","7.84","9.23","68.3","35.7","21.6","","","","有","","","電子零組件業","楊超群","執行長:楊奕康"
="8104","錸寶","市","11/19","29.8","+0.05","+0.17","10","9.26","10.51","31.3","25.7","6.84","","","","有","","","光電業","葉垂景","陳康"
="8105","凌巨","市","11/19","10.5","-0.35","-3.23","10","44.2","44.15","46.4","27.9","21.2","","","","","有","","光電業","田村隆幸","杉本克己"
="8110","華東","市","11/19","36.85","+1.35","+3.8","10","51.8","51.77","191","30.6","19.2","","","有","","","","半導體業","焦佑衡","于鴻祺"
="8112","至上","市","11/19","71.2","-1.4","-1.93","10","55.5","52.53","374","38.7","21.8","有","","有","有","","有","電子通路業","葛均","葛均"
"8112A","至上甲特","市","11/19","43.45","0","0","","","3","13","","3.71","","","","","","","電子通路業","",""
="8114","振樺電","市","11/19","182","+4.5","+2.54","10","10.8","7.64","139","41.3","20.3","","","有","有","","有","電腦及週邊設備業","郭劍成","陳茂強"
="8131","福懋科","市","11/19","44.1","-1.2","-2.65","10","44.2","44.22","195","35.2","18","","","","","","","半導體業","蘇林慶","張憲正"
="8150","南茂","市","11/19","46.9","+0.4","+0.86","10","71.7","71.72","336","28.3","11.6","有","","有","","","","半導體業","鄭世杰","鄭世杰"
="8162","微矽電子-創","市","11/19","33.4","-0.35","-1.04","10","6.87","6.87","22.9","38.3","1.71","","","","","","","半導體業","張秉堂","張秉堂"
="8163","達方","市","11/19","30.3","-0.7","-2.26","10","28","28","84.8","28.5","18","有","","有","","","","電腦及週邊設備業","蘇開建","蔡耀坤"
="8201","無敵","市","11/19","14.25","+0.25","+1.79","10","6.24","6.24","8.89","36.8","18.1","","","","","","","其他電子業","楊人捷","李圍正"
="8210","勤誠","市","11/19","908","-25","-2.68","10","12.2","12.53","1,138","42","20.6","","","有","有","","","電腦及週邊設備業","陳美琪","陳亞男"
="8213","志超","市","11/19","33.65","+0.6","+1.82","10","27.1","27.12","91.3","27.6","15.9","","","","有","","","電子零組件業","徐正民","李明熹"
="8215","明基材","市","11/19","19.15","-0.35","-1.79","10","32.1","32.07","61.4","27.3","15","","","","","","","光電業","陳建志","劉家瑞"
="8222","寶一","市","11/19","40.35","-0.45","-1.1","10","6.86","6.86","27.7","51.1","10.8","","","","","","","電機機械","曾國浩","曾國浩"
="8249","菱光","市","11/19","49.65","-0.85","-1.68","10","13.8","13.78","68.4","27.4","20.5","","","有","","有","","電子零組件業","黃育仁","魏耀明"
="8261","富鼎","市","11/19","88.6","-1.4","-1.56","10","11.9","11.88","105","27.3","21.6","","","有","","有","","半導體業","陳泰銘","張嘉帥"
="8271","宇瞻","市","11/19","101","-6.5","-6.05","10","12.8","12.81","129","28.6","14.9","","","有","","有","","半導體業","陳益世","執行長:張家騉"
="8341","日友","市","11/19","78.8","-0.8","-1.01","10","13","13","102","31","10.7","","","","","","","綠能環保","張芳正","張芳正"
="8367","建新國際","市","11/19","43.7","-0.3","-0.68","10","9.22","9.22","40.3","36.6","7.19","","","","","","","航運業","陳彥銘","柯勝鐘"
="8374","羅昇","市","11/19","76.1","+0.2","+0.26","10","11.2","11.23","85.4","41.6","21.6","","","有","","有","","電機機械","曾文興","李長堅"
="8404","百和興業-KY","市","11/19","24.35","+0.4","+1.67","10","42","41.99","102","19","14.5","","","","有","","","其他業","鄭國火因","鄭新隆"
="8411","福貞-KY","市","11/19","12.5","+0.1","+0.81","10","21.8","21.84","27.3","16.2","14.1","","","","","","","其他業","李榮福","莊素貞"
="8422","可寧衛*","市","11/19","20.9","-1.35","-6.07","1","11.4","113.7","238","26.5","14.1","","","有","有","","","綠能環保","楊慶祥","楊永發"
="8429","金麗-KY","市","11/19","7.46","-0.01","-0.13","10","18.6","18.57","13.9","14.9","12.9","","","","","","","貿易百貨業","庄春龍","陳泓霖"
="8438","昶昕","市","11/19","28.4","-0.3","-1.05","10","6.99","6.99","19.9","36.1","3.7","","","","","","","綠能環保","陳國金","陳彥亨"
="8442","威宏-KY","市","11/19","68.5","+0.7","+1.03","10","7.02","6.75","46.2","16","9.03","","","","","","","其他業","洪維謙","許新居"
="8443","阿瘦","市","11/19","11.65","0","0","10","6.68","6.68","7.78","22.2","11.2","","","","","","","貿易百貨業","羅榮岳","郭欣怡"
="8454","富邦媒","市","11/19","230.5","-0.5","-0.22","10","26.5","26.5","611","21.1","10.9","有","","","","","","數位雲端","蔡明忠","谷元宏"
="8462","柏文","市","11/19","156","+3.5","+2.3","10","7.93","7.93","124","20.1","9.7","","","","有","","","運動休閒","陳尚義","林洵賢"
="8463","潤泰材","市","11/19","25.5","-0.1","-0.39","10","15","15","38.2","33.2","10.4","","","","","","","其他業","莫惟瀚","林依潔"
="8464","億豐","市","11/19","361.5","-1.5","-0.41","10","29.3","29.3","1,059","18.3","9.91","","","有","","","","居家生活","粘耿豪","粘肇紘"
="8466","美吉吉-KY","市","11/19","22.95","+0.3","+1.32","10","7.98","7.98","18.3","15.1","9.05","","","","有","","","其他業","陳本源","吳建輝"
="8467","波力-KY","市","11/19","143.5","+3","+2.14","10","5.04","5.04","72.3","12.4","9.93","","","有","有","","","運動休閒","洪芳蘭","洪進山"
="8473","山林水","市","11/19","35.1","+0.25","+0.72","10","18.1","18.09","63.5","21.4","9.2","","","","有","有","","綠能環保","郭又綺","吳人傑"
="8476","台境*","市","11/19","18.2","+0.1","+0.55","5","8.31","16.62","30.3","21.9","8.65","","","","","","","綠能環保","郭人豪","林睿達"
="8478","東哥遊艇","市","11/19","185.5","-4.5","-2.37","10","9.4","9.4","174","47.8","7.94","","","有","有","","","運動休閒","闕慶承","曾雄威"
="8481","政伸","市","11/19","40.65","-0.25","-0.61","10","6.66","6.66","27.1","38.7","8.74","","","","","","","其他業","洪招儀","李煜培"
="8482","商億-KY","市","11/19","45.7","-0.2","-0.44","10","10.7","10.74","49.1","11.1","7.27","","","","","","","居家生活","謝智通","謝淑韞"
="8487","愛爾達-創","市","11/19","74.2","-1.8","-2.37","10","2.65","2.65","19.7","25.6","1.65","","","","","","","數位雲端","陳怡君","陳怡君"
="8488","吉源-KY","市","11/19","10.3","+0.2","+1.98","10","7.35","7.35","7.57","11.7","8.94","","","","有","","","其他業","林漢清","陳金龍"
="8499","鼎炫-KY","市","11/19","237","-2","-0.84","10","4.12","4.12","97.6","12","7.99","","","有","","","","其他電子業","傅青炫","傅秀月"
="8926","台汽電","市","11/19","41.1","+0.9","+2.24","10","73","73.03","300","33.5","25.5","","","","有","","","油電燃氣業","王振勇","陳意通"
="8940","新天地","市","11/19","20.35","+0.05","+0.25","10","6.75","6.75","13.7","32.3","22.8","","","","","","","觀光餐旅","王玉雲","歐敏雄"
="8996","高力","市","11/19","495","+27","+5.77","10","9.15","9.15","453","55.1","19.4","","","有","","","","電機機械","吳誌雄","王心五"
="9103","美德醫療-DR","市","11/19","4.55","-0.05","-1.09","0.05","8.27","20.55","9.35","28","22.9","","","有","","","","存託憑證","楊克誠","楊威遠"
="910322","康師傅-DR","市","11/19","23.85","-0.15","-0.62","0","9.17","2.31","5.51","31.9","15.9","","","","","","","存託憑證","魏宏名","魏宏名"
="9105","泰金寶-DR","市","11/19","5.85","-0.04","-0.68","1","93.8","165.5","96.8","36","22.2","","","有","","","","存託憑證","許介立","鄒孔訓"
="910861","神州-DR","市","11/19","5.81","+0.01","+0.17","0.1","6.45","3.35","1.95","24.8","15","","","","","","","存託憑證","郭為","郭為"
="9110","越南控-DR","市","11/19","3.03","0","0","0.01","0.38","5.45","1.65","20.4","16","","","","","","","存託憑證","劉武雄","吳睿蕎"
="911608","明輝-DR","市","11/19","2.9","+0.03","+1.05","","5.27","3.42","0.99","21.6","15.1","","","","","","","存託憑證","林翔寬","-"
="911622","泰聚亨-DR","市","11/19","3.8","-0.1","-2.56","7.5","37.1","3","1.14","29.2","14.1","","","","","","","存託憑證","黃文松","黃炳綸"
="911868","同方友友-DR","市","11/19","1.28","-0.03","-2.29","0.1","3.56","14","1.79","19.1","15.9","","","","","","","存託憑證","張園園","張園園"
="912000","晨訊科-DR","市","11/19","2.86","-0.01","-0.35","0.1","10.6","15.88","4.54","21.1","14.6","","","","","","","存託憑證","王祖同","朱琪"
="9136","巨騰-DR","市","11/19","6.88","-0.07","-1.01","0.1","4.41","16","11","21.4","16.5","","","","","","","存託憑證","鄭立育","N/A"
="9802","鈺齊-KY","市","11/19","106.5","+2","+1.91","10","20.1","20.1","214","16","13.1","","","有","有","","","運動休閒","林文智","廖芳祝"
="9902","台火","市","11/19","16.35","-0.2","-1.21","10","9.8","9.8","16","75.8","61.4","","","","","","","其他業","李泰祺","陳文正"
="9904","寶成","市","11/19","29.4","+0.3","+1.03","10","295","294.7","866","56.2","35.8","有","","有","","","","運動休閒","吳邦治","盧金柱"
="9905","大華","市","11/19","19.9","0","0","10","30.5","30.5","60.7","52","35.3","","","","","","","其他業","姜明理","姜明德"
="9906","欣巴巴","市","11/19","44.75","0","0","10","9.04","9.04","40.4","58.8","34.9","","","有","有","","","建材營造業","黃〝火冏〞輝","張宏圖"
="9907","統一實","市","11/19","17.8","-0.1","-0.56","10","158","157.9","281","56.6","34.8","","","有","","","","其他業","羅智先","徐金成；張祐信"
="9908","大台北","市","11/19","30.1","0","0","10","51.6","51.64","155","61.1","34.8","","","","","","","油電燃氣業","吳東進","鄭嘉耘"
="9910","豐泰","市","11/19","128.5","+2.5","+1.98","10","98.7","98.75","1,269","54.3","33.8","","","","","","","運動休閒","王建弘","陳昭吉"
="9911","櫻花","市","11/19","82.5","-0.5","-0.6","10","22.2","22.24","183","37.1","33.3","","","","","","","居家生活","張永杰","李惠恂"
="9912","偉聯","市","11/19","11.95","-0.1","-0.83","10","5.42","5.42","6.47","47.5","33.3","","","","","","","電腦及週邊設備業","皮華中","趙欣媛"
="9914","美利達","市","11/19","88.7","+0.3","+0.34","10","29.9","29.9","265","53.1","33.1","有","","有","","","","運動休閒","曾崧柱","曾上原"
="9917","中保科","市","11/19","105.5","-0.5","-0.47","10","45.1","45.12","476","48","32","","","","","","","其他業","林建涵","林建涵"
="9918","欣天然","市","11/19","39.75","+0.15","+0.38","10","18.1","18.05","71.8","54.6","31.6","","","","","","","油電燃氣業","陳何家","黃昆宗"
="9919","康那香","市","11/19","16.25","-0.4","-2.4","10","19.5","19.54","31.7","53.9","31","","","","","","","其他業","戴華銘","戴秀玲"
="9921","巨大","市","11/19","91.7","+0.7","+0.77","10","39.2","39.21","360","53.1","30.9","","","有","","","","運動休閒","劉湧昌","劉素娟"
="9924","福興","市","11/19","52.9","-0.3","-0.56","10","15.1","15.08","79.8","68","30.7","","","","","","","居家生活","林瑞章","陳建昆"
="9925","新保","市","11/19","40.6","+0.15","+0.37","10","38.7","38.75","157","45.8","29.9","","","","","","","其他業","吳昕東","洪國超"
="9926","新海","市","11/19","49.35","-0.15","-0.3","10","18","17.95","88.6","59.4","27.6","","","","","","","油電燃氣業","林坤正","伍啟豪"
="9928","中視","市","11/19","17.75","+0.05","+0.28","10","6.07","7.07","12.6","57.1","26.3","","","","有","有","","其他業","盧秀芳","盧秀芳"
="9929","秋雨","市","11/19","10.1","+0.17","+1.71","10","10.1","10.13","10.2","49.1","26.4","","","","","有","","其他業","陳慧遊","陳鴻璸"
="9930","中聯資源","市","11/19","70.5","+0.4","+0.57","10","24.9","24.85","175","34.5","26","","","","","","","綠能環保","周文賢","吳一民"
="9931","欣高","市","11/19","33.65","+0.3","+0.9","10","12","12.04","40.5","41.9","27","","","","","","","油電燃氣業","陳建東","王繼開"
="9933","中鼎","市","11/19","30.6","+0.1","+0.33","10","89.2","89.25","273","46.6","32.5","","","","有","","","其他業","楊宗興","李銘賢"
="9934","成霖","市","11/19","9.57","-0.05","-0.52","10","41.1","41.1","39.3","46.1","25.2","","","","","","","居家生活","歐陽玄","歐陽玄"
="9935","慶豐富","市","11/19","19.9","-0.1","-0.5","10","17.8","17.78","35.4","48.7","26.8","","","","有","","","居家生活","許閔琁","許竣然"
="9937","全國","市","11/19","57","+0.1","+0.18","10","30.9","30.9","176","37.3","29.9","","","","","","","油電燃氣業","賴正時","蔡佳璋"
="9938","百和","市","11/19","53.5","+1.6","+3.08","10","29.8","29.8","159","40.8","24.9","有","","有","","","","其他業","鄭森煤","鄭誠禕"
="9939","宏全","市","11/19","122","-3","-2.4","10","29.6","29.58","361","56.4","24.7","有","","有","有","","","其他業","鄭雅文","曹宏宇"
="9940","信義","市","11/19","22","-0.2","-0.9","10","73.7","73.68","162","38.8","26","","","","有","","","其他業","周耕宇","陳麗心"
="9941","裕融","市","11/19","92.4","0","0","10","67.6","57.56","532","35.6","25.9","","","","有","","有","其他業","嚴陳莉蓮","闕源龍"
"9941A","裕融甲特","市","11/19","50.1","-0.1","-0.2","","","10","50.1","","6.98","","","","","","","其他業","",""
="9942","茂順","市","11/19","103","+0.5","+0.49","10","8.32","8.32","85.7","49.3","23.8","","","","","","","其他業","石正復","石銘耀"
="9943","好樂迪","市","11/19","60.2","+0.2","+0.33","10","12.5","12.52","75.4","32.6","25","","","","","","","觀光餐旅","林佳霖","李天行"
="9944","新麗","市","11/19","16.8","0","0","10","10.6","10.59","17.8","63.2","24.8","","","","","","","其他業","簡瑞瑞","簡榮富"
="9945","潤泰新","市","11/19","29","+0.1","+0.35","10","284","284.4","825","48.2","33.6","有","","有","","","","其他業","簡滄圳","盧玉璜"
="9946","三發地產","市","11/19","16.35","-0.15","-0.91","10","32.7","32.66","53.4","32.2","20.7","","","","有","","","建材營造業","鍾鼎晟","楊題銓"
="9955","佳龍","市","11/19","27.9","+0.05","+0.18","10","10.4","10.45","29.1","29.2","21.9","","","","","","","綠能環保","吳界欣","楊明曄"
="9958","世紀鋼","市","11/19","130.5","0","0","10","24.7","24.69","322","38.1","17.7","有","","有","有","","","鋼鐵工業","賴文祥","李建安"
