date,保險業,光電業,其他業,其他電子業,化學工業,半導體業,塑膠工業,存託憑證,居家生活,建材營造業,數位雲端,橡膠工業,水泥工業,汽車工業,油電燃氣業,玻璃陶瓷,生技醫療業,紡織纖維,綠能環保,航運業,觀光餐旅,證券業,貿易百貨業,資訊服務業,通信網路業,造紙工業,運動休閒,金控業,銀行業,鋼鐵工業,電器電纜,電子通路業,電子零組件業,電機機械,電腦及週邊設備業,食品工業
2005-02-10,6902510.0,31302362.0,7920626.0,58277681.0,8193288.0,55657316.0,50131295.0,,1347792.0,11102162.0,62105.0,4091859.0,5231719.0,44396699.0,38265795.0,1931260.0,1125431.0,18695725.0,448270.0,31367929.0,1217691.0,1626908.0,12689516.0,1684936.0,40087253.0,5245005.0,4043102.0,10802081.0,11467933.0,41360759.0,7823163.0,23167807.0,30345075.0,14573974.0,121829807.0,11696831.0
2005-03-10,3450070.0,28305567.0,6726139.0,51908319.0,6996121.0,46466735.0,43765392.0,,836473.0,6338885.0,117168.0,3204377.0,2994031.0,16345697.0,32520052.0,1285482.0,814574.0,15233774.0,316828.0,28902375.0,1166221.0,875702.0,12031853.0,1395159.0,37181180.0,4005085.0,3162308.0,10443231.0,10484398.0,33841399.0,6865928.0,19214551.0,23625560.0,12129844.0,115939444.0,8516784.0
2005-04-11,9225085.0,36635264.0,9163850.0,64082139.0,9401733.0,51682100.0,51565694.0,,1189493.0,11186463.0,168878.0,4603950.0,4746633.0,28399734.0,34813266.0,1919328.0,1142952.0,19967241.0,472578.0,30516104.0,1018591.0,967559.0,11711274.0,2088669.0,41936377.0,5410474.0,4424943.0,13039777.0,11405410.0,45330580.0,9123023.0,23030290.0,32549119.0,14578476.0,143081148.0,10682621.0
2005-05-10,4164500.0,37383108.0,8541638.0,61848491.0,8336822.0,52565139.0,47262779.0,,1275451.0,11415641.0,166578.0,4276403.0,4566696.0,24874465.0,39337043.0,1810810.0,1131102.0,17570727.0,442546.0,31922336.0,959813.0,619553.0,11922942.0,1784938.0,43846063.0,4900292.0,3958743.0,8953561.0,10782198.0,42003119.0,9249531.0,22229497.0,31982995.0,16125290.0,135286091.0,10519513.0
2005-06-10,5545537.0,38823623.0,8704840.0,56020186.0,7821982.0,53989458.0,43719752.0,,1389666.0,11128936.0,160705.0,4203454.0,4547160.0,25405802.0,38714700.0,1823346.0,1081975.0,17829232.0,464712.0,31532730.0,1057784.0,632491.0,13478082.0,1549233.0,43220414.0,5039408.0,3519159.0,10513398.0,11412370.0,40835318.0,9229504.0,21696621.0,32253182.0,15242546.0,125347894.0,10974000.0
2005-07-11,6973770.0,40548791.0,8604574.0,60098313.0,8194717.0,56450427.0,48063373.0,,1442274.0,14242068.0,160819.0,4501603.0,4233221.0,25748132.0,34214988.0,1663314.0,1150463.0,19175332.0,458739.0,32557419.0,1123381.0,1034908.0,14512834.0,2460621.0,43662312.0,5048988.0,3655917.0,12901956.0,12258467.0,37516244.0,9180626.0,20740725.0,33543129.0,15728451.0,140296206.0,11149768.0
2005-08-10,4790871.0,42855141.0,7811045.0,55706530.0,8792204.0,58804234.0,46243373.0,,1330154.0,8647733.0,181814.0,3993937.0,4333105.0,26073951.0,35376640.0,1652219.0,1006792.0,18500408.0,428929.0,34612073.0,1084266.0,1346541.0,15572970.0,1692919.0,43443565.0,4963475.0,3683463.0,16118237.0,11978717.0,32977404.0,9050785.0,24465122.0,34524466.0,16465833.0,148436127.0,12228954.0
2005-09-12,3986350.0,46793263.0,8458448.0,61952635.0,9848324.0,65446246.0,48995956.0,,1455985.0,9895890.0,208792.0,4324318.0,4285812.0,17989225.0,39197176.0,1758998.0,1324694.0,19731444.0,512102.0,34399434.0,1021658.0,1554976.0,13460862.0,1555050.0,44844067.0,4990384.0,4154529.0,14405377.0,12102913.0,36075803.0,9388370.0,25466529.0,37702504.0,15957800.0,166410001.0,12842919.0
2005-10-10,6825765.0,51123645.0,7856836.0,80362890.0,10084234.0,69933975.0,49812987.0,,1445162.0,12172562.0,215761.0,4561282.0,4431545.0,22890788.0,44920379.0,1767238.0,1033538.0,18931812.0,491585.0,34626881.0,1025754.0,714729.0,12837693.0,2092488.0,47888338.0,4346838.0,4908567.0,18172156.0,11513810.0,38111612.0,9095529.0,27735801.0,41030614.0,15645579.0,191769998.0,12079709.0
2005-11-10,4395881.0,63038967.0,7980085.0,91464691.0,9811839.0,72173005.0,48349989.0,,1367828.0,11325273.0,191012.0,4434555.0,4599913.0,23399679.0,50763553.0,1932328.0,1115596.0,17826458.0,505492.0,35803533.0,1128589.0,602209.0,13873991.0,1677256.0,48200047.0,4319487.0,4501338.0,7930684.0,11264756.0,35604654.0,9049437.0,26532712.0,43595459.0,17104237.0,214181455.0,11317432.0
2005-12-12,4762103.0,63117981.0,8183090.0,85079527.0,9758574.0,74312728.0,45840756.0,,1568658.0,14570885.0,182040.0,4389164.0,4875402.0,20241889.0,45630085.0,1938948.0,1001460.0,17716204.0,499122.0,34886313.0,1014682.0,763243.0,13626369.0,1688082.0,52501903.0,4572581.0,4005379.0,9584147.0,12717641.0,35865581.0,9053952.0,26631212.0,45750510.0,16152415.0,225531651.0,10891017.0
2006-01-10,6408197.0,56571351.0,10118655.0,95812298.0,9813870.0,72154685.0,50122158.0,,1661948.0,27343637.0,127376.0,4604318.0,5243612.0,14969895.0,44884942.0,1939777.0,1330508.0,19711235.0,563280.0,34123751.0,1081303.0,1675020.0,12727182.0,2864166.0,50242508.0,4790097.0,3910113.0,7159309.0,13136955.0,34186988.0,9412920.0,24910490.0,44534964.0,15804508.0,190846441.0,11180983.0
2006-02-10,8633478.0,52537225.0,7411812.0,76180742.0,9254775.0,67447403.0,47084818.0,,1528416.0,11002893.0,122402.0,4089015.0,4604011.0,35744359.0,42899914.0,1835107.0,1158206.0,17555252.0,472002.0,34006478.0,1308143.0,2585850.0,14207912.0,1564044.0,45012974.0,4285913.0,3720038.0,18254485.0,5584058.0,32678174.0,8508823.0,26227109.0,38375732.0,12819931.0,175973494.0,11851743.0
2006-03-10,4733409.0,53198959.0,7452884.0,58399621.0,8065180.0,62307503.0,43078790.0,,1108329.0,11322015.0,138119.0,3882676.0,3530501.0,15644377.0,36860304.0,1471281.0,898961.0,17025642.0,417338.0,28778308.0,1149343.0,774326.0,11387878.0,1401709.0,44068796.0,3906892.0,3270419.0,10739453.0,5672948.0,31096569.0,8954402.0,21597836.0,36068399.0,9685721.0,168296729.0,8863749.0
2006-04-10,9930731.0,58243779.0,9271078.0,67882129.0,10102787.0,71066930.0,47460251.0,,1432615.0,14850322.0,173844.0,4871688.0,4462188.0,22027847.0,39337330.0,2055392.0,1171672.0,19679152.0,556116.0,32495968.0,1072829.0,1000730.0,12691163.0,2433996.0,49259341.0,4618222.0,4429479.0,12048505.0,5924935.0,39879184.0,11315647.0,25150917.0,42774104.0,13763027.0,205079049.0,10672932.0
2006-05-10,4848645.0,57257606.0,8207762.0,73190650.0,9734127.0,72277211.0,50337306.0,,1543635.0,12271193.0,171322.0,4383851.0,4104431.0,18746067.0,47073139.0,1849572.0,1095613.0,19395285.0,540480.0,33927702.0,968132.0,1676685.0,13372701.0,1757234.0,47342379.0,4376078.0,4101218.0,6820664.0,4773329.0,36860304.0,11057048.0,24430633.0,40776508.0,12531470.0,183160113.0,10463245.0
2006-06-12,5297726.0,53795266.0,8197133.0,70964496.0,10100050.0,69751718.0,53290393.0,,1488853.0,13236969.0,159710.0,4311604.0,4181600.0,17142863.0,54151190.0,2018831.0,1149463.0,19858760.0,515161.0,33126271.0,1044225.0,411441.0,13612867.0,1545935.0,48084908.0,4441011.0,2581231.0,3819992.0,5073462.0,39585659.0,11731756.0,23259708.0,41192088.0,12735895.0,152983780.0,10978271.0
2006-07-10,6074815.0,47810579.0,8780517.0,79583417.0,10306156.0,71065534.0,54929824.0,,1559636.0,13702290.0,151361.0,4793970.0,3897251.0,20862951.0,55894477.0,2115715.0,1273619.0,20803596.0,511265.0,34173080.0,1253332.0,469125.0,12807204.0,2039894.0,50281722.0,4598126.0,3592855.0,5494365.0,4647741.0,41154773.0,12385325.0,24936698.0,42175318.0,13035408.0,188617695.0,11041562.0
2006-08-10,4616698.0,52141180.0,8518095.0,82843304.0,10118477.0,72583379.0,55271574.0,,1633407.0,11704813.0,156514.0,4350159.0,4110257.0,17858425.0,53057130.0,1903941.0,1149171.0,20083970.0,485363.0,36090272.0,1272687.0,528962.0,14900307.0,1703294.0,46540093.0,4558996.0,3118987.0,8703051.0,5045856.0,40499400.0,13634140.0,26786716.0,42944905.0,12365579.0,183597484.0,12762980.0
2006-09-11,5218672.0,59174515.0,8940371.0,84583886.0,10967284.0,76614474.0,59938707.0,,1765616.0,14407017.0,180136.0,4769087.0,4596648.0,15223089.0,53211215.0,1947123.0,1255527.0,22281213.0,654902.0,36482372.0,1229091.0,914177.0,14638797.0,1668865.0,47980667.0,4774488.0,3895667.0,8112758.0,5572153.0,44436211.0,12768566.0,26901347.0,47666971.0,12092276.0,191353163.0,12086788.0
2006-10-10,5936539.0,67961199.0,8376078.0,102686453.0,10221187.0,79926562.0,50820107.0,,1680370.0,17289968.0,167251.0,4614037.0,4482993.0,14479569.0,45375149.0,1910856.0,1305499.0,19120754.0,606883.0,35448126.0,1119751.0,771087.0,13402690.0,2138686.0,48465911.0,4623503.0,3853330.0,6986656.0,4923509.0,44865398.0,12624431.0,28890850.0,45590693.0,12729485.0,230289661.0,11628868.0
2006-11-10,4426097.0,78398457.0,8767119.0,105218970.0,9312230.0,78712394.0,49958586.0,,1615743.0,16852957.0,156772.0,4387633.0,4493594.0,16312274.0,43525887.0,1858589.0,1226258.0,18607130.0,586243.0,36164805.0,1302150.0,827851.0,14271262.0,1539625.0,49393169.0,4557081.0,4120818.0,11204415.0,5376290.0,45562379.0,13191941.0,26292767.0,48894587.0,11658984.0,244864176.0,11476031.0
2006-12-11,5417832.0,76342410.0,9297749.0,110182535.0,10343214.0,76028893.0,56683745.0,,1933280.0,14829929.0,154746.0,4546866.0,4150218.0,12324116.0,48675017.0,1877686.0,1251476.0,20886440.0,593694.0,35751883.0,1187327.0,1610047.0,13385528.0,1759253.0,51502712.0,4664779.0,3930338.0,7193332.0,5034618.0,46166991.0,13201157.0,26807135.0,47894820.0,13199740.0,275974175.0,11402194.0
2007-01-10,14913915.0,66796838.0,10200634.0,114027630.0,10761480.0,72220932.0,56360236.0,,1970372.0,37517117.0,124910.0,4771650.0,4242219.0,16106545.0,50420332.0,1817617.0,1356058.0,20918391.0,612566.0,39118637.0,1309874.0,1918730.0,13206839.0,2629172.0,49741526.0,4752000.0,3779691.0,5972123.0,5460944.0,45417937.0,13041369.0,24355346.0,43588120.0,13383138.0,249878428.0,11257676.0
2007-02-12,16242253.0,65203552.0,8397511.0,102646787.0,11314032.0,71166158.0,53515436.0,,1983365.0,15402127.0,140084.0,4477552.0,4710370.0,26641366.0,51107050.0,2072100.0,1357668.0,21472429.0,604148.0,34830664.0,1140225.0,1151995.0,12895767.0,2196205.0,46714672.0,4945287.0,3729334.0,9729564.0,5054491.0,46711952.0,13293375.0,27040266.0,40904084.0,12961302.0,239925732.0,12407215.0
2007-03-12,9971010.0,53778968.0,8296223.0,84032353.0,8529539.0,63612779.0,45971022.0,,1693282.0,11164124.0,108690.0,3773289.0,3507860.0,13920762.0,45856760.0,1280114.0,1113139.0,17105610.0,444152.0,32980008.0,1506595.0,720221.0,14401839.0,1635022.0,41961808.0,3615436.0,2903034.0,10520056.0,5116011.0,38682672.0,10634494.0,22319676.0,31708616.0,10180004.0,219521336.0,10457515.0
2007-04-10,19173788.0,69403905.0,9529247.0,104123991.0,11713535.0,72441469.0,61412995.0,,1922228.0,18640430.0,176133.0,5629744.0,4345818.0,19000970.0,46862170.0,2263754.0,1317673.0,24059497.0,639850.0,34411300.0,1288096.0,1053010.0,12831878.0,2347910.0,47862397.0,5392854.0,4066412.0,15366879.0,5509299.0,52533104.0,13638437.0,27794971.0,40594343.0,14744802.0,286120234.0,11710768.0
2007-05-10,11994009.0,73835358.0,8799298.0,101063745.0,11047158.0,72228999.0,61276090.0,,1998541.0,14345098.0,164008.0,4976208.0,4087149.0,17395297.0,51051291.0,2017336.0,1291008.0,21836616.0,599158.0,36290140.0,1138260.0,830028.0,12964905.0,2167022.0,48583529.0,4771216.0,3488559.0,12583405.0,5433819.0,48155869.0,15109742.0,27199618.0,39245032.0,13290666.0,214825235.0,11404316.0
2007-06-11,11969397.0,80086421.0,9048721.0,102369334.0,12144491.0,74350680.0,67572321.0,,2110817.0,17527909.0,165577.0,5402452.0,4145500.0,17922165.0,55470279.0,2095508.0,1407682.0,23400733.0,652335.0,35947337.0,1196381.0,1186574.0,14436530.0,2155734.0,45865886.0,5010125.0,3306005.0,13212233.0,6538062.0,49755102.0,15433492.0,25886095.0,38390885.0,14006752.0,216829084.0,13085335.0
2007-07-10,13763704.0,84037184.0,9034287.0,111767862.0,11152150.0,75050336.0,64523181.0,,2175839.0,15951519.0,156494.0,5503265.0,3594099.0,19536734.0,65347360.0,1999302.0,1345997.0,22281031.0,601055.0,38287624.0,1473270.0,2195965.0,13897185.0,2877595.0,50123196.0,4898919.0,3445689.0,23117169.0,7156694.0,46668534.0,14407759.0,25825436.0,39265125.0,14102366.0,256644461.0,12593584.0
2007-08-10,14507322.0,87273152.0,9116246.0,113683504.0,10989192.0,83878216.0,69717832.0,,2147024.0,13358815.0,170215.0,5073585.0,4185758.0,19029283.0,68407072.0,2145781.0,1350183.0,22644162.0,663159.0,40066897.0,1510431.0,2800501.0,14270764.0,2225036.0,48797325.0,5130209.0,3827837.0,28549067.0,6415590.0,44901082.0,13122811.0,31703071.0,43414570.0,14053578.0,250774058.0,13538189.0
2007-09-10,12800554.0,94724733.0,9262433.0,117277989.0,11887975.0,89963409.0,70235136.0,,2380499.0,14947499.0,195137.0,5460752.0,3505374.0,15029016.0,67331995.0,2290481.0,1396619.0,23626066.0,602162.0,41244417.0,1361209.0,1122295.0,13501083.0,2338655.0,51784715.0,5236046.0,4668699.0,7262304.0,6070621.0,44801422.0,11686957.0,30919260.0,47681896.0,14824605.0,285987015.0,14946444.0
2007-10-11,15230570.0,106756052.0,9076046.0,134846274.0,11411780.0,88530895.0,70107927.0,,2211645.0,20375612.0,195371.0,4991350.0,3756134.0,15331150.0,63412535.0,1927056.0,1401002.0,22383374.0,701038.0,40817029.0,1334358.0,1182967.0,12662343.0,2272654.0,54119478.0,4807525.0,4742228.0,13623384.0,5705734.0,44901684.0,11990037.0,31247214.0,48591706.0,14899074.0,324174201.0,13460333.0
2007-11-12,13974764.0,109259504.0,9161051.0,149785041.0,11904750.0,88565280.0,73005306.0,,2117164.0,16628884.0,189664.0,5123275.0,4042213.0,19402706.0,74234932.0,2142598.0,1371155.0,23666037.0,759853.0,40877197.0,1394915.0,1154757.0,14173012.0,2414032.0,57072203.0,5182462.0,4792732.0,11929497.0,6075552.0,49734410.0,12953834.0,29947671.0,51138191.0,14999757.0,332668063.0,13655842.0
2007-12-10,9700383.0,104747807.0,8869881.0,151852028.0,12162238.0,81857166.0,73706552.0,,2089102.0,15714574.0,185050.0,5313711.0,4011998.0,16984556.0,71453730.0,1993014.0,1736634.0,22666546.0,763088.0,41832427.0,1288856.0,758030.0,13897532.0,2567094.0,56872487.0,5120796.0,4641266.0,3141575.0,4797237.0,48655519.0,12104774.0,31068073.0,49643500.0,15649291.0,331447175.0,13164442.0
2008-01-10,13513030.0,94578106.0,10728950.0,168664281.0,12291883.0,75687602.0,74867410.0,,2062419.0,26149297.0,146713.0,5359686.0,4288562.0,17737162.0,83956922.0,1998022.0,1243079.0,21379949.0,762036.0,42331740.0,1520817.0,1176057.0,13302323.0,3048487.0,53121739.0,5167371.0,4658245.0,5130531.0,5642042.0,50848703.0,12527314.0,27076525.0,44816317.0,16821817.0,292016065.0,13687814.0
2008-02-12,17306587.0,93272307.0,8914023.0,122354599.0,13161533.0,79501138.0,75029733.0,,2118522.0,12911250.0,177429.0,5338930.0,4403181.0,28059036.0,83894214.0,2046490.0,1395237.0,22212052.0,837739.0,40169901.0,1388068.0,647075.0,13688432.0,2350825.0,53734628.0,4906414.0,4157721.0,4188434.0,5345804.0,55913399.0,12863850.0,31155529.0,43946053.0,14857142.0,264137666.0,16363494.0
2008-03-10,10298166.0,81269866.0,8440987.0,106219776.0,11842439.0,69382400.0,69854764.0,,1273325.0,11935853.0,141630.0,4850543.0,3028904.0,11505704.0,79957004.0,1505075.0,967042.0,20185667.0,591454.0,37118160.0,1415824.0,1271223.0,13657854.0,2138904.0,48628571.0,4495896.0,3515504.0,10812213.0,6366258.0,46618109.0,11389662.0,23712247.0,32553197.0,11261274.0,228565563.0,12217753.0
2008-04-10,17216457.0,95754430.0,9444568.0,122713649.0,14662384.0,75317451.0,74288691.0,,1723086.0,15656977.0,190456.0,5611061.0,4222780.0,16794602.0,79014876.0,2171477.0,1220454.0,24339543.0,832222.0,38400861.0,1224990.0,1522236.0,12200949.0,2729912.0,53038919.0,5621029.0,4285147.0,10340747.0,6091280.0,60398513.0,15953623.0,26771457.0,42495790.0,15369138.0,271111603.0,14197910.0
2008-05-12,10948320.0,90862998.0,9186553.0,119353648.0,13850907.0,77749794.0,71597804.0,,1725092.0,17600878.0,184125.0,5904013.0,3994775.0,16370827.0,72233234.0,2039262.0,1159306.0,21676603.0,737530.0,41817919.0,1122895.0,1571093.0,12594245.0,2484120.0,54843983.0,5376883.0,3990052.0,12880292.0,6028558.0,60515053.0,15003781.0,29469801.0,42924586.0,15123079.0,246354617.0,14313503.0
2008-06-10,9603359.0,90715592.0,9326162.0,119267495.0,14645472.0,76995721.0,77480721.0,,1773213.0,15574523.0,167467.0,5985546.0,4124812.0,15665843.0,98832981.0,2207467.0,1225916.0,21897026.0,761949.0,41615400.0,1283995.0,836198.0,13171171.0,2268151.0,53738505.0,5471707.0,3761855.0,7678248.0,5832586.0,63504484.0,13833910.0,26171008.0,42079532.0,14950127.0,241492685.0,14966643.0
2008-07-10,11036799.0,80156840.0,8965295.0,127055427.0,14611021.0,75356975.0,81080630.0,,1904937.0,20711217.0,169960.0,6061645.0,3803966.0,17185006.0,104747134.0,2122970.0,1246604.0,22419037.0,696709.0,43889741.0,1368830.0,314548.0,12936038.0,3000244.0,55030351.0,4878269.0,4206627.0,3506064.0,5304835.0,62834059.0,13492267.0,26299919.0,41478564.0,14671279.0,241772130.0,14966866.0
2008-08-11,10343053.0,74987130.0,9471589.0,148457634.0,14045075.0,81654902.0,77772571.0,,1868835.0,12996496.0,156873.0,6008273.0,3741451.0,15295333.0,111827353.0,1923975.0,1377382.0,21712628.0,808043.0,44773607.0,1537423.0,474055.0,14436333.0,2686414.0,54572642.0,4636790.0,4435312.0,4980966.0,5416153.0,63905440.0,13366976.0,28757718.0,46211834.0,14640194.0,266806215.0,16587757.0
2008-09-10,10145004.0,80117427.0,9546786.0,164964720.0,13290755.0,82201352.0,63439763.0,,1789202.0,12501625.0,158417.0,6218423.0,4121965.0,10084670.0,92223454.0,1820156.0,1263114.0,20871560.0,868101.0,44841274.0,1275440.0,615127.0,14458756.0,2330104.0,57864418.0,4575636.0,5229190.0,11699922.0,7004677.0,62469759.0,12442104.0,27508141.0,48093014.0,13731290.0,270801872.0,15618019.0
2008-10-13,12859436.0,82507787.0,8745529.0,178384386.0,12532147.0,79843030.0,56154760.0,,1884462.0,17770383.0,163501.0,6162437.0,3600555.0,11762212.0,63669157.0,1706335.0,1273649.0,20234412.0,803777.0,42810410.0,1207421.0,383759.0,12927352.0,2691969.0,60701885.0,4432742.0,5086005.0,747207.0,3614371.0,55273024.0,12525759.0,28356499.0,48813014.0,14305728.0,327077600.0,14537637.0
2008-11-10,9802098.0,69074388.0,8792873.0,192128266.0,11587224.0,76926856.0,45177451.0,,1543487.0,13787447.0,145108.0,5861074.0,4242406.0,14080533.0,60435132.0,1706451.0,1363629.0,18676717.0,806230.0,41530056.0,1327748.0,360923.0,14473068.0,2371562.0,60595447.0,4508531.0,5485700.0,11796097.0,4983358.0,49840175.0,10596279.0,24508033.0,48572353.0,13978099.0,325954529.0,14448245.0
2008-12-10,10579331.0,51158755.0,7937731.0,159230115.0,8598667.0,53564903.0,33278232.0,,1488225.0,12373309.0,130171.0,4794504.0,3787715.0,8872642.0,40057421.0,1379562.0,1281582.0,14947514.0,674341.0,38109276.0,1367657.0,468331.0,14025078.0,2461438.0,59506255.0,3588162.0,4899424.0,2535445.0,5092651.0,35725541.0,7751447.0,21152667.0,35895898.0,12392395.0,264113882.0,13342438.0
2009-01-12,16165004.0,41691961.0,8131607.0,142806504.0,7547111.0,42111914.0,35853104.0,,1609793.0,17877560.0,104136.0,4351812.0,4051664.0,11091660.0,34033148.0,1402096.0,1442029.0,16323702.0,785729.0,35912952.0,1213531.0,222093.0,12450704.0,3441021.0,56551864.0,3657798.0,5283838.0,2908473.0,4243712.0,33345745.0,6618865.0,19806229.0,28734750.0,13605686.0,217706276.0,15017979.0
2009-02-10,22590808.0,38560595.0,7344448.0,111445218.0,7466750.0,39831665.0,33549226.0,,1583477.0,10651118.0,85085.0,2791082.0,3298397.0,16959745.0,43178794.0,1030882.0,1245825.0,13035684.0,526520.0,32345625.0,1393694.0,540512.0,14429576.0,1838316.0,47656878.0,2557931.0,3686448.0,8605366.0,5384957.0,25606099.0,6400704.0,19458005.0,23736104.0,9583475.0,183754126.0,13845144.0
2009-03-10,17330119.0,43329233.0,6673637.0,98576874.0,8499467.0,42042915.0,43225697.0,,1318612.0,11024587.0,113349.0,3729756.0,3205001.0,11185954.0,41761821.0,1172584.0,1228783.0,16202489.0,602836.0,28688560.0,1204897.0,701801.0,11302742.0,2131798.0,46721625.0,3150566.0,4542909.0,8803147.0,4890326.0,29460963.0,6842858.0,21236445.0,27824375.0,9272414.0,220495236.0,11879498.0
2009-04-10,21270741.0,57037658.0,7942212.0,119223145.0,9466455.0,50633763.0,47432125.0,,1495203.0,14706942.0,135526.0,4475330.0,3849158.0,12117872.0,43429701.0,1509241.0,1360269.0,18558808.0,848933.0,28994753.0,1134410.0,1343005.0,11948607.0,2200914.0,51853324.0,3730565.0,4007440.0,6476556.0,5222347.0,31027062.0,10434113.0,22320461.0,34981371.0,10726333.0,281819010.0,13668256.0
2009-05-11,12273830.0,61890524.0,7893674.0,110297455.0,9923571.0,64438634.0,54140736.0,,1640891.0,13661948.0,147287.0,4513159.0,3344557.0,14156723.0,47872373.0,1368849.0,1393710.0,18502608.0,799139.0,29738359.0,1068524.0,1617869.0,12461806.0,2054512.0,51282280.0,3721412.0,3341239.0,8229984.0,4184635.0,29351370.0,11118131.0,23940393.0,36743003.0,10079391.0,245149714.0,13379026.0
2009-06-10,10013839.0,64866662.0,7906828.0,106370876.0,9420437.0,67549335.0,53313101.0,,1430307.0,14045078.0,153734.0,4170048.0,3667925.0,15436114.0,54839560.0,1396095.0,1320031.0,17559903.0,870800.0,29260753.0,1264206.0,1739029.0,13263667.0,1980431.0,52094110.0,3673599.0,3157370.0,8909385.0,5109802.0,29839844.0,8898039.0,21219097.0,34809288.0,14478838.0,232304118.0,14094132.0
2009-07-10,13813910.0,71352531.0,8259191.0,141388947.0,9717014.0,71217908.0,58539439.0,,1595058.0,21347735.0,146580.0,4767294.0,3586108.0,20371491.0,64844249.0,1585245.0,1416325.0,18802696.0,817452.0,28220529.0,1099707.0,705214.0,12233754.0,2472376.0,54787630.0,4042056.0,3596662.0,6465876.0,4839024.0,34865443.0,10562621.0,23354337.0,37563491.0,11017055.0,287444010.0,14525454.0
2009-08-10,10775196.0,74757613.0,7527916.0,142098016.0,10601404.0,80778952.0,58940588.0,,1903103.0,16217856.0,155668.0,4533408.0,3709373.0,19219683.0,68045881.0,1613206.0,1454333.0,19163970.0,869581.0,32948433.0,1387407.0,1591712.0,13154749.0,2150854.0,50986602.0,3870990.0,4201760.0,11357202.0,5229278.0,36223966.0,10584896.0,27001863.0,40427009.0,11259500.0,293545479.0,14610746.0
2009-09-10,11709899.0,84556875.0,6506550.0,122332090.0,9512834.0,82290141.0,60333566.0,,1712321.0,16618691.0,152594.0,4654463.0,3317100.0,13870582.0,64712220.0,1726663.0,1240138.0,18934084.0,810886.0,32790881.0,1332162.0,586865.0,13158537.0,2248185.0,52706310.0,3870190.0,4380356.0,6115253.0,6361168.0,34879432.0,9832520.0,27105370.0,41772992.0,10733583.0,293316134.0,15734865.0
2009-10-12,12766400.0,90339610.0,8197468.0,167828133.0,10236025.0,84207546.0,53848705.0,,1727179.0,22814797.0,182193.0,4971296.0,3545496.0,14877093.0,59305332.0,1559848.0,1420834.0,19424023.0,951956.0,31750475.0,1116210.0,1377946.0,12304396.0,2672080.0,54436962.0,4109029.0,4888836.0,9654614.0,6166521.0,36239590.0,10552020.0,29008597.0,45374477.0,11990200.0,351619279.0,14152460.0
2009-11-10,9820695.0,87812959.0,8566144.0,184132763.0,10514006.0,83070602.0,56615744.0,,1654908.0,18426931.0,166238.0,5152617.0,3434465.0,19628379.0,52148025.0,1693892.0,1428559.0,19194555.0,927296.0,34021932.0,1250439.0,891753.0,14643565.0,2301402.0,54660092.0,4182396.0,4794542.0,9141483.0,5724594.0,38791494.0,10595107.0,26318337.0,43360166.0,10749740.0,350191262.0,14352688.0
2009-12-10,10549322.0,87350867.0,8504408.0,167257964.0,10051581.0,82875564.0,59589326.0,,1566684.0,17086069.0,142762.0,4996727.0,3228356.0,20772614.0,65802433.0,1520173.0,1605734.0,19555804.0,980676.0,36477661.0,1199796.0,1021705.0,14108961.0,2539787.0,56004164.0,4327593.0,4770812.0,9621995.0,5302746.0,37206586.0,9694365.0,28093722.0,42907976.0,11509246.0,364443833.0,13515010.0
2010-01-11,18224434.0,81394002.0,9442168.0,151654573.0,10993785.0,83449312.0,64824826.0,,1857087.0,22314717.0,149065.0,6136976.0,3640364.0,23938968.0,72661915.0,1800058.0,2210722.0,21483390.0,1022479.0,38589254.0,1287888.0,1614957.0,13125467.0,3467884.0,60241257.0,4541296.0,5458753.0,13803962.0,6535158.0,42478999.0,11173366.0,28470129.0,45793508.0,13311887.0,359455103.0,14333335.0
2010-02-10,26653938.0,81172994.0,8629083.0,151812015.0,11342124.0,86976308.0,68342981.0,,1927482.0,21959285.0,126059.0,5338744.0,3862049.0,22168901.0,77698512.0,1951658.0,1980464.0,21050317.0,1048682.0,35742222.0,1370883.0,886993.0,13452712.0,2211613.0,53726545.0,4533824.0,4885538.0,8215215.0,5511094.0,44719075.0,11112374.0,31277138.0,43993995.0,12403848.0,338060271.0,15323585.0
2010-03-10,13650709.0,71978854.0,7667638.0,133796082.0,9021608.0,77527928.0,59148633.0,,1404401.0,15103903.0,95821.0,4445324.0,2777427.0,15986416.0,64982577.0,1398531.0,2245549.0,17912287.0,720723.0,34025183.0,1609363.0,583337.0,14011700.0,2076806.0,50185712.0,3636355.0,4089450.0,6632141.0,4955612.0,34532103.0,10216393.0,25243002.0,35598555.0,10372708.0,304397849.0,12511672.0
2010-04-12,21534245.0,114721128.0,8761544.0,175582944.0,13157539.0,89863899.0,73427119.0,,1705065.0,19691495.0,158099.0,6233604.0,3723144.0,20252246.0,68482984.0,2132751.0,2073222.0,24672555.0,1050066.0,38340597.0,1408841.0,1264398.0,13291362.0,2964722.0,61709324.0,5344403.0,5884540.0,10597380.0,5785378.0,48638073.0,12931470.0,33141710.0,48300123.0,13680687.0,393326802.0,13995677.0
2010-05-10,12063366.0,124525726.0,9508038.0,169430556.0,12386727.0,92806930.0,74296719.0,,1907442.0,19572768.0,157564.0,6036140.0,3509950.0,19337794.0,73271117.0,1961003.0,2069284.0,23692192.0,1017253.0,40233513.0,1241975.0,1161922.0,13566435.0,2257435.0,63141451.0,5069565.0,4667485.0,9766620.0,6732135.0,47633684.0,12686293.0,32193424.0,49712863.0,14501926.0,359218254.0,14197310.0
2010-06-10,11477900.0,128584010.0,9212841.0,180871374.0,12052145.0,93596915.0,72481950.0,,1671521.0,17747623.0,155101.0,6038653.0,3484592.0,19927954.0,77199760.0,2000125.0,1944032.0,22796849.0,972489.0,41313269.0,1361275.0,583044.0,14215454.0,2416306.0,64331342.0,4736656.0,4912179.0,8609812.0,5820559.0,48745660.0,13159231.0,29207295.0,49728331.0,13565327.0,377352426.0,14237095.0
2010-07-12,13528096.0,124370613.0,9427529.0,213173909.0,12009336.0,94452376.0,65635845.0,,1638153.0,19633762.0,145378.0,6505135.0,3154797.0,20248839.0,75078950.0,2105092.0,2140759.0,22002849.0,1022214.0,44394236.0,1349720.0,600500.0,13735962.0,3048298.0,70773754.0,4526226.0,4697219.0,7154507.0,5877038.0,45688386.0,12309544.0,30098914.0,50161067.0,14671886.0,385137443.0,14437754.0
2010-08-10,13142354.0,121217295.0,9385657.0,210153884.0,12350701.0,96490322.0,67792788.0,,1962907.0,14612954.0,150069.0,5833329.0,3504954.0,20592432.0,66993922.0,1873826.0,1997505.0,23143487.0,1043178.0,46706179.0,1593618.0,1149167.0,15370977.0,2539813.0,70814738.0,4621372.0,5222489.0,16062617.0,5895235.0,46252869.0,12705340.0,33498556.0,53610446.0,14620970.0,328541587.0,16160663.0
2010-09-10,14158275.0,125065330.0,9693433.0,234584501.0,13774963.0,98407009.0,71646142.0,,1739942.0,15708501.0,151812.0,5995033.0,3388127.0,15298847.0,51804340.0,1958680.0,2016089.0,24185298.0,1037970.0,47554163.0,1697355.0,1088507.0,15041946.0,2371549.0,71510221.0,4665697.0,6166617.0,13354597.0,6349710.0,48117583.0,12429848.0,32021839.0,54045483.0,13904054.0,369495142.0,16724564.0
2010-10-11,13566661.0,125416247.0,9839426.0,276061948.0,11527129.0,97042243.0,66005698.0,,1802216.0,18254947.0,137075.0,6312649.0,3359185.0,18906435.0,52768001.0,1950287.0,2436967.0,23587422.0,1062572.0,44421056.0,1427863.0,1190979.0,14266032.0,2770143.0,76802737.0,4918051.0,6393252.0,11431114.0,5307007.0,46289972.0,12514211.0,31972285.0,55671383.0,14098535.0,414198701.0,15390593.0
2010-11-10,11532208.0,122063166.0,10225902.0,265195666.0,11674647.0,91908262.0,67055107.0,,1429823.0,18182588.0,136277.0,6300558.0,3380225.0,22097595.0,55557775.0,1702920.0,2386716.0,25644922.0,1246963.0,42995097.0,1512015.0,1031004.0,17194326.0,2250849.0,80877741.0,4818623.0,6372065.0,11195394.0,5969868.0,46053873.0,11587217.0,28553584.0,52962033.0,13565097.0,377445587.0,15194686.0
2010-12-10,12686399.0,130669239.0,10551679.0,253074222.0,12069540.0,90476209.0,69679909.0,,1424253.0,14848735.0,136021.0,6473520.0,4033652.0,20480336.0,61425383.0,1736983.0,2234945.0,24768464.0,1286771.0,43168696.0,2186488.0,932016.0,14878376.0,2493234.0,88667691.0,4911698.0,6015941.0,10237183.0,6278720.0,48063014.0,11626648.0,32607362.0,54522300.0,13982851.0,377872091.0,15436096.0
2011-01-10,17773920.0,120213476.0,11407440.0,262167763.0,12266832.0,89064207.0,72591826.0,,1469800.0,21718261.0,121398.0,7324027.0,4287102.0,16887132.0,75929657.0,2036363.0,2627350.0,25188380.0,1426305.0,44459983.0,2334680.0,1448162.0,14082563.0,3967028.0,85388763.0,4971218.0,6801954.0,7801948.0,9428578.0,49767179.0,11434994.0,32453303.0,51538633.0,15340685.0,350557728.0,16174413.0
2011-02-10,15548806.0,107884709.0,9525574.0,201815318.0,12995324.0,88192291.0,75341414.0,,1747150.0,21828132.0,131586.0,6075971.0,4260821.0,35606329.0,77652349.0,1831164.0,2465124.0,26078056.0,1220963.0,41485569.0,2358049.0,1248716.0,15684793.0,2597643.0,83740166.0,4842064.0,5683186.0,15616683.0,6192368.0,50530805.0,11680647.0,35335584.0,48795307.0,13836959.0,313815289.0,18080861.0
2011-03-10,11208573.0,100257145.0,7778016.0,170065860.0,11049960.0,77271346.0,70455949.0,,1136756.0,15419000.0,111363.0,5451401.0,2684445.0,17069584.0,79629875.0,1387694.0,1843174.0,21779450.0,843197.0,34353616.0,2261511.0,574466.0,14466360.0,2144746.0,74677786.0,4174235.0,4191550.0,12541088.0,5176633.0,41574398.0,10348747.0,25177172.0,38260238.0,11501939.0,243948028.0,12838261.0
2011-04-11,13343289.0,129999133.0,9825631.0,235060437.0,13964733.0,91197012.0,83422448.0,,1686341.0,19764691.0,134321.0,8214661.0,3994404.0,25305089.0,84182580.0,1986937.0,2739329.0,30228362.0,1191272.0,39486518.0,2739680.0,1002394.0,13906175.0,3434544.0,85480633.0,5286727.0,6434660.0,11151643.0,6090688.0,55578612.0,14172815.0,35519285.0,53398374.0,15784201.0,389766511.0,16149136.0
2011-05-10,12951902.0,114869591.0,10202073.0,221930519.0,13168777.0,91599162.0,76584770.0,,1611801.0,14247783.0,130784.0,7166404.0,4022657.0,16309738.0,83558245.0,2058023.0,2342141.0,26041022.0,1124494.0,40255177.0,2772476.0,888597.0,15019163.0,2296934.0,86035786.0,4934646.0,4728625.0,11233406.0,5921317.0,53408430.0,12388194.0,32580790.0,51613529.0,14962328.0,326317056.0,15530565.0
2011-06-10,11104207.0,118742856.0,10478406.0,215312841.0,13211020.0,89526916.0,69627740.0,,1558064.0,15725171.0,133189.0,7549820.0,3667195.0,17408340.0,74278808.0,1844232.0,2582761.0,23758463.0,1102523.0,40499059.0,2931803.0,996469.0,15280490.0,2558397.0,89083642.0,4924639.0,4727389.0,18709089.0,7818560.0,50792587.0,11962434.0,30738581.0,51408862.0,15568916.0,334383561.0,15847743.0
2011-07-11,10396255.0,116428183.0,10172045.0,243760324.0,11881339.0,87189070.0,59154698.0,,1523757.0,17884948.0,132876.0,7870926.0,3714779.0,22788445.0,68260416.0,1897999.0,2303807.0,25085259.0,1179314.0,42022873.0,3013044.0,735605.0,15160482.0,3205604.0,95308584.0,4758816.0,5275995.0,17314158.0,6381553.0,49894996.0,12239874.0,29956010.0,49487115.0,17268476.0,364749089.0,15603850.0
2011-08-10,12783774.0,117804137.0,12028856.0,243802440.0,11957804.0,84494407.0,67551230.0,,1415605.0,13726604.0,126425.0,6652454.0,3741081.0,26149321.0,82015380.0,1932442.0,2457743.0,26209242.0,1211140.0,43307163.0,3340861.0,1373998.0,16078200.0,2595190.0,93854382.0,4730778.0,5522566.0,26922147.0,6880650.0,49652756.0,12198572.0,31222121.0,52289487.0,16283529.0,361385987.0,17485387.0
2011-09-13,8316052.0,119449084.0,12584092.0,232713026.0,13243939.0,87141333.0,66218586.0,,1608048.0,13437895.0,139531.0,7463578.0,3648462.0,20001603.0,38113682.0,1884636.0,2460724.0,27089237.0,1348020.0,43035316.0,3419906.0,637391.0,15711034.0,2556947.0,98286875.0,4881543.0,6549796.0,7220034.0,5696782.0,50385700.0,12194064.0,31023706.0,56754367.0,16499289.0,356975941.0,17932714.0
2011-10-11,6094665.0,122288008.0,12802898.0,244903868.0,12954910.0,83344906.0,62167406.0,,1650652.0,17074150.0,140103.0,7553853.0,3831495.0,23231317.0,52611312.0,1778162.0,2762981.0,26586067.0,1361740.0,40639051.0,3332711.0,726226.0,15734013.0,3118553.0,97024649.0,4875913.0,6624045.0,6945913.0,6113883.0,50303128.0,12434119.0,31932686.0,56651632.0,15816451.0,381989243.0,17208324.0
2011-11-10,13651652.0,118348168.0,12277605.0,318394294.0,12009760.0,85862845.0,58825886.0,,1474658.0,18728321.0,124534.0,6448594.0,3850671.0,24495862.0,74383128.0,1671036.0,2628696.0,24404062.0,1225901.0,41670004.0,3475620.0,1018344.0,19497216.0,2596842.0,94949068.0,4874438.0,6848099.0,9445529.0,5914139.0,48429327.0,10698125.0,28706053.0,53123476.0,15610753.0,401139485.0,16477135.0
2011-12-12,7591040.0,121125915.0,12175937.0,330077051.0,12040454.0,82074233.0,58415460.0,,1495731.0,14679403.0,116243.0,6669197.0,3805552.0,22465562.0,73455354.0,1748725.0,2533088.0,23307475.0,1266662.0,40731771.0,3294326.0,993182.0,16392208.0,2729900.0,81080607.0,4849650.0,6446925.0,5542981.0,5649106.0,46527235.0,10235906.0,30888091.0,57838360.0,15134453.0,379437442.0,16500651.0
2012-01-10,13689851.0,118591915.0,13319395.0,337221246.0,13188720.0,75559445.0,63545938.0,,1712197.0,19885467.0,100178.0,8120032.0,4075499.0,19872594.0,70130100.0,1848003.0,3079884.0,25179337.0,1051680.0,42624125.0,3226423.0,666013.0,17132307.0,4549226.0,76867783.0,4947477.0,6753322.0,3542642.0,11063272.0,45966934.0,10969348.0,29112401.0,53089533.0,15469070.0,359357764.0,17099944.0
2012-02-10,17999272.0,92279686.0,10336204.0,287020287.0,11358536.0,75106378.0,63284396.0,9539904.0,1356555.0,11088814.0,74845.0,5193426.0,3348139.0,29672116.0,75511466.0,1539781.0,2280371.0,22765627.0,1151222.0,39890050.0,3602105.0,959602.0,20862212.0,2478768.0,64509204.0,3962719.0,4563894.0,12560688.0,5917084.0,39870190.0,9593216.0,27081843.0,46594616.0,12819419.0,306642669.0,15971053.0
2012-03-12,13193270.0,107580361.0,10961094.0,249832646.0,12551307.0,77488421.0,72195191.0,10594094.0,1359394.0,10893204.0,102601.0,6768218.0,3370829.0,21333595.0,76828895.0,1598286.0,2262928.0,26208302.0,1201354.0,36443326.0,3381172.0,1382711.0,15589955.0,2695448.0,67597986.0,4632007.0,6077814.0,15727772.0,6374573.0,46278657.0,11296812.0,27892229.0,49261336.0,13489844.0,341656702.0,13943474.0
2012-04-10,10677302.0,119518431.0,12204114.0,291032137.0,14564835.0,85845593.0,75239998.0,13274781.0,1823105.0,16195759.0,115973.0,7296846.0,4279750.0,26260439.0,92858032.0,2048433.0,3034689.0,27000974.0,1414839.0,40973266.0,3171934.0,874797.0,16072542.0,3512021.0,81788840.0,5241581.0,5907173.0,15209899.0,6648931.0,50903372.0,13526514.0,29947516.0,56148725.0,16344877.0,356573842.0,16082246.0
2012-05-10,10410219.0,109719930.0,11952789.0,263929062.0,12844590.0,90722190.0,68774982.0,11862447.0,1713909.0,16855031.0,126552.0,7049243.0,4062436.0,19682455.0,91239769.0,1990794.0,2740423.0,24732185.0,1250443.0,43938371.0,3089115.0,478186.0,17140245.0,2580877.0,79264927.0,5067797.0,4076070.0,11836837.0,6733498.0,48987734.0,12388230.0,29623504.0,52463956.0,15744136.0,319554833.0,15421781.0
2012-06-11,8077719.0,113936260.0,12873248.0,254046796.0,12679752.0,95007468.0,64323018.0,13296932.0,1667232.0,18392469.0,144488.0,7475545.0,3892899.0,24415500.0,71779750.0,2026920.0,2912143.0,25135216.0,1047248.0,42521618.0,3293716.0,725901.0,19744552.0,2925749.0,80180433.0,5110722.0,5039985.0,13633618.0,6960695.0,48740087.0,12211499.0,30954651.0,55403134.0,16492350.0,341338948.0,16004233.0
2012-07-10,13546363.0,111870141.0,12344707.0,253035218.0,11603282.0,94610693.0,57625221.0,10881421.0,1995138.0,16799201.0,150965.0,8022758.0,3612118.0,23793924.0,57965167.0,1855647.0,2570930.0,22969066.0,1230058.0,43794207.0,3360170.0,650168.0,19050762.0,3348170.0,81997340.0,4710434.0,5711683.0,14208793.0,7056823.0,43076173.0,12217958.0,30543770.0,52979460.0,16244201.0,395689519.0,15717595.0
2012-08-10,16282475.0,113401107.0,13005310.0,265513181.0,11627911.0,101202989.0,61811176.0,12209756.0,2010998.0,16389060.0,160479.0,6466961.0,4093423.0,23186211.0,68113826.0,1931541.0,2729225.0,25778809.0,1308221.0,46321793.0,3664778.0,820344.0,20667765.0,2920440.0,71170687.0,4781201.0,6101115.0,22533986.0,6940091.0,43883820.0,12221548.0,32540732.0,56770864.0,15670564.0,353464992.0,18218660.0
2012-09-10,12547002.0,125524294.0,13118318.0,242356341.0,12278361.0,102591874.0,65129838.0,13287365.0,1832013.0,14423170.0,162462.0,6762670.0,3817440.0,19787966.0,76073559.0,1800953.0,2881367.0,25233901.0,1290984.0,45723525.0,3686449.0,892896.0,21106320.0,2789640.0,73196589.0,4744358.0,7710228.0,13313198.0,6780971.0,40521918.0,11595988.0,32649555.0,59354780.0,15162691.0,340789935.0,19108474.0
2012-10-11,14605457.0,127222688.0,12348209.0,263403951.0,12317177.0,96832211.0,60671131.0,11393751.0,1841041.0,16272540.0,153833.0,6022379.0,3970103.0,21606579.0,84031210.0,1794793.0,2706681.0,27068723.0,1331667.0,43286286.0,4826568.0,790448.0,19257309.0,2794048.0,70526028.0,4450311.0,7098369.0,13477373.0,6293471.0,38299393.0,11464490.0,31825106.0,59715395.0,14946164.0,393355316.0,16887440.0
2012-11-12,12749521.0,125848973.0,12579959.0,302734264.0,13000438.0,103017552.0,62597536.0,11887386.0,1751581.0,19397568.0,147408.0,6400474.0,4302345.0,23364750.0,88102357.0,1947345.0,2864095.0,25193481.0,972441.0,41980142.0,4896768.0,536819.0,24185989.0,2809011.0,64966195.0,4484819.0,7933027.0,12581811.0,6224388.0,40166098.0,11231810.0,30770316.0,63428204.0,13991227.0,393354971.0,16533444.0
2012-12-10,14283350.0,132080368.0,13477626.0,376211119.0,12422503.0,95279315.0,65193018.0,11945743.0,1908421.0,20203533.0,146883.0,5659946.0,4169186.0,20767804.0,88240383.0,1847402.0,2840601.0,22688018.0,1010659.0,40485210.0,4277445.0,738918.0,21280203.0,3039733.0,72549378.0,4528522.0,8006955.0,10816882.0,6338826.0,40403847.0,10551269.0,31455202.0,65320399.0,13316913.0,397569057.0,16497060.0
2013-01-10,19730253.0,126469193.0,13234760.0,388242617.0,12874986.0,81658142.0,66851966.0,10032747.0,2167459.0,36657111.0,109816.0,5946703.0,4100859.0,17589346.0,83919744.0,1948283.0,2876879.0,23037352.0,879649.0,41179888.0,4464575.0,731831.0,21186739.0,4028475.0,74380782.0,4286064.0,7226190.0,8728346.0,7582557.0,41918406.0,10858574.0,28644496.0,60547954.0,15610114.0,380230860.0,16507662.0
2013-02-18,24603444.0,134599286.0,28350858.0,345631779.0,22267960.0,107196751.0,103506862.0,11333602.0,3618640.0,35592804.0,248602.0,21296368.0,16972856.0,45443062.0,94184400.0,4183351.0,3899881.0,45445756.0,1410479.0,60178837.0,4857717.0,1077391.0,53749994.0,3729566.0,81689865.0,13054091.0,31256968.0,119290803.0,10038369.0,68025707.0,21144464.0,92637360.0,107612195.0,27019285.0,433785167.0,64913179.0
2013-03-11,11431637.0,109962318.0,20706407.0,255584503.0,17584359.0,91592020.0,87306568.0,9414314.0,2369590.0,17055288.0,187744.0,17659943.0,9099023.0,25888088.0,87156394.0,2707960.0,3010788.0,37677224.0,1112563.0,53214143.0,5670962.0,807847.0,37068759.0,2770876.0,69683880.0,9759232.0,24169589.0,68816641.0,8544777.0,51642693.0,15722432.0,64507129.0,76356560.0,21597618.0,354343021.0,47233487.0
2013-04-10,15778056.0,142793249.0,28192187.0,285389512.0,21755528.0,107010541.0,99692160.0,10916277.0,3241719.0,31411820.0,223269.0,23868792.0,16628616.0,34029057.0,83034112.0,4424391.0,4061081.0,45328859.0,1449908.0,58766356.0,5187389.0,903135.0,42720525.0,4106586.0,78840818.0,12033383.0,30286256.0,91661854.0,10463778.0,66188791.0,20901444.0,92859355.0,98529267.0,27228722.0,438480432.0,56395277.0
2013-05-10,13812116.0,138683542.0,28280698.0,317465264.0,21556009.0,119077652.0,103678161.0,10491750.0,3196372.0,23330514.0,248827.0,23311419.0,17528976.0,32399723.0,73921323.0,4537218.0,4074303.0,43583284.0,1539390.0,58582591.0,5104698.0,974269.0,38338529.0,3217538.0,83840931.0,12075022.0,31574209.0,98051276.0,9228898.0,61692371.0,22091337.0,93096597.0,99855034.0,27670434.0,383936825.0,56042917.0
2013-06-10,11963657.0,134862040.0,26946204.0,327120492.0,21398966.0,120045133.0,108002553.0,11424265.0,3414064.0,26829865.0,239070.0,24362553.0,17444029.0,34902934.0,71053576.0,4575237.0,4258571.0,47534680.0,1396478.0,60180119.0,5394187.0,1072698.0,38690505.0,3651986.0,98289444.0,12093043.0,33190524.0,100844656.0,10436311.0,61221180.0,21573382.0,94221256.0,101629833.0,30404449.0,402332514.0,57980550.0
2013-07-10,10183241.0,121292199.0,26060448.0,330606709.0,20668396.0,120474586.0,101017697.0,9967732.0,3309490.0,22371935.0,230931.0,22605697.0,17009293.0,34403979.0,71385217.0,4313068.0,4110502.0,45528585.0,1279805.0,62815053.0,5914168.0,634308.0,35927518.0,4274451.0,89771009.0,11418459.0,32149666.0,87213252.0,9448779.0,55720225.0,21591697.0,88203047.0,96098952.0,29643095.0,417354174.0,57489617.0
2013-08-12,17495330.0,119456599.0,30114328.0,327545191.0,21077958.0,122974841.0,105250759.0,11076490.0,3397218.0,26437369.0,253484.0,22375777.0,17480460.0,38283828.0,82101996.0,4699458.0,4250019.0,45756140.0,1468744.0,62949772.0,6265317.0,1162145.0,43201864.0,3427015.0,82466028.0,12655003.0,33032720.0,132632691.0,9738447.0,60964379.0,20403057.0,95909763.0,103678074.0,29276247.0,410970624.0,62225693.0
2013-09-10,12284654.0,127781933.0,27855537.0,309702841.0,22332538.0,124921699.0,110476482.0,10553855.0,3424264.0,25640935.0,252430.0,22823388.0,17211858.0,31838247.0,91627568.0,4935171.0,4256783.0,46451424.0,1308286.0,65838508.0,6426597.0,899342.0,38565555.0,3045882.0,82299081.0,12536459.0,32036327.0,88846954.0,9164991.0,60755731.0,20206366.0,96526837.0,109354604.0,29151922.0,420186450.0,63386001.0
2013-10-11,17929325.0,128476499.0,28847472.0,369895070.0,21554465.0,126467511.0,102222587.0,8810858.0,3304585.0,40690326.0,241749.0,21205595.0,17620878.0,35330203.0,77867669.0,5183590.0,3917550.0,45547267.0,1266424.0,62152640.0,6056345.0,1027209.0,45202409.0,4287907.0,86403839.0,12168652.0,32853408.0,84266892.0,8983945.0,59437977.0,19889710.0,105221038.0,113661622.0,29095307.0,508718537.0,59818825.0
2013-11-11,15957061.0,126447114.0,30133956.0,413679515.0,23430474.0,122490240.0,104341269.0,11257557.0,3306185.0,25073283.0,229493.0,20452732.0,19260414.0,38004621.0,82300069.0,5451999.0,4341754.0,46144532.0,1475672.0,59745919.0,5930857.0,1170619.0,41772918.0,3741567.0,82733923.0,12576878.0,32499622.0,113653466.0,9673856.0,62263385.0,19806185.0,97557146.0,113806871.0,28518936.0,463282989.0,56856681.0
2013-12-10,15184689.0,130460425.0,27942772.0,489143458.0,20980327.0,113226096.0,106030075.0,10453515.0,3403811.0,28450692.0,2005077.0,20768355.0,20267728.0,39664641.0,86193412.0,5272055.0,4466209.0,43643327.0,1190279.0,60780546.0,5343231.0,804426.0,43467925.0,3627644.0,83523861.0,12752456.0,31938424.0,86694965.0,9374150.0,60277756.0,20754487.0,104630163.0,117873720.0,29107716.0,503814000.0,53430015.0
2014-01-10,23325497.0,127520147.0,34752820.0,520768762.0,23159893.0,118983315.0,110500439.0,9109547.0,3572145.0,63437865.0,2361251.0,24389202.0,20840985.0,39766742.0,95526898.0,5397012.0,4849094.0,45341219.0,1474159.0,62281429.0,5538180.0,1150743.0,120787376.0,5841275.0,83507519.0,13818418.0,35102955.0,147409448.0,10757234.0,62650861.0,22600841.0,107469592.0,114733729.0,31219434.0,484168490.0,53721136.0
2014-02-10,23116479.0,113867060.0,28935815.0,338819437.0,22840857.0,119835502.0,103473501.0,10907367.0,3634984.0,20187111.0,2441186.0,19838567.0,17930828.0,45718935.0,96289019.0,4164858.0,4628002.0,44808646.0,1603724.0,63673045.0,5786708.0,750695.0,55287361.0,3686816.0,76610868.0,12469073.0,33867372.0,134421888.0,10581323.0,65356272.0,19851648.0,94360306.0,105590652.0,27711314.0,424990185.0,66846119.0
2014-03-10,13946401.0,95700765.0,26108796.0,278332206.0,18401507.0,114591189.0,91939052.0,9700925.0,2738459.0,17442578.0,1954862.0,19163852.0,10339592.0,29244394.0,90369029.0,3671050.0,3525922.0,42231510.0,1256965.0,54010738.0,5914214.0,1298812.0,36793609.0,3405089.0,66468614.0,11236139.0,26183857.0,89188276.0,9606220.0,58555491.0,17544865.0,85281141.0,84848403.0,25415590.0,366421367.0,49153313.0
2014-04-10,17277322.0,123975598.0,33210795.0,332200499.0,22892239.0,127168348.0,104305219.0,9526255.0,3433923.0,24994142.0,1920975.0,23940891.0,20025052.0,40131670.0,93009639.0,5090297.0,4303743.0,45296004.0,1438032.0,62703707.0,5710533.0,1345790.0,45612412.0,3844632.0,80861530.0,12367516.0,34546848.0,94881143.0,10369065.0,66917915.0,21606801.0,106244663.0,105193674.0,32135171.0,443726431.0,57182809.0
2014-05-12,12307562.0,125183404.0,31836627.0,320342051.0,23828606.0,143245140.0,109749875.0,10854727.0,3515065.0,21703218.0,2027525.0,22692442.0,20312201.0,41624664.0,78846696.0,5272911.0,4445194.0,44884644.0,1397611.0,62366707.0,5464139.0,746336.0,37345149.0,3485915.0,87079308.0,12976378.0,35022836.0,95346915.0,9985283.0,65713736.0,22307400.0,105960010.0,108213091.0,28743930.0,407276210.0,56914162.0
2014-06-10,14677399.0,127096866.0,28914978.0,293876517.0,22424452.0,143676387.0,109697438.0,11578326.0,3540679.0,22466644.0,2147371.0,23460939.0,20096893.0,43637048.0,76609957.0,5429080.0,4991749.0,45267426.0,1477002.0,65034412.0,6452763.0,1563891.0,40763990.0,3549539.0,87100758.0,12954312.0,36113222.0,94427782.0,10496347.0,67133334.0,23329757.0,103309291.0,107988341.0,29511260.0,418656686.0,57837935.0
2014-07-10,16798274.0,125057782.0,31157007.0,344607494.0,21479985.0,139148672.0,108409930.0,11700683.0,3548594.0,31520836.0,2187384.0,22379077.0,18306415.0,42139339.0,80375140.0,5224195.0,4351742.0,45408207.0,1548947.0,64753344.0,6493847.0,1435737.0,43177149.0,4201963.0,88627466.0,12650997.0,36216992.0,126214484.0,10407044.0,66378253.0,22877497.0,102234498.0,105493022.0,32944506.0,448700677.0,58214832.0
2014-08-11,16995760.0,126488601.0,32853743.0,287841467.0,21859149.0,148061525.0,110699121.0,12645492.0,3541191.0,24384499.0,2357520.0,22262728.0,18646873.0,46964823.0,94572235.0,5266222.0,4219989.0,45897323.0,1461495.0,69799765.0,7302814.0,1045578.0,44265383.0,3689035.0,75840728.0,13118893.0,35570057.0,139551268.0,11032461.0,66956865.0,22318415.0,110000213.0,112710286.0,30094443.0,435379112.0,62023081.0
2014-09-10,16025652.0,127760667.0,30839551.0,304912731.0,22169345.0,152898958.0,105457185.0,13515467.0,4478134.0,31204376.0,2375662.0,21817923.0,18144334.0,35681355.0,83051403.0,5159852.0,4226216.0,46491712.0,1521413.0,70267840.0,7738923.0,931266.0,43113567.0,3610731.0,80154285.0,12912276.0,34982376.0,105301314.0,10535923.0,64557718.0,19825961.0,109815017.0,112028266.0,28801762.0,440666033.0,62023285.0
2014-10-13,16475028.0,132613284.0,29440193.0,447382236.0,22871597.0,159021670.0,98592366.0,13156122.0,4683480.0,28365938.0,2296645.0,22344721.0,18068218.0,41101823.0,74132142.0,5236364.0,4704512.0,46682666.0,1421563.0,66617326.0,6715937.0,991968.0,46827241.0,4184131.0,86628146.0,13214537.0,36151789.0,154752672.0,10651137.0,64848857.0,24779845.0,123911634.0,121181624.0,30973408.0,522425483.0,60052412.0
2014-11-10,11927304.0,140405217.0,28426840.0,506716137.0,22799457.0,167958032.0,94985487.0,14814558.0,4760368.0,21552742.0,2332593.0,21053456.0,19269990.0,42875845.0,81941223.0,5218641.0,4787729.0,46569072.0,1734884.0,67877288.0,6925456.0,760248.0,40624662.0,3868616.0,87029081.0,13684927.0,34926219.0,112433213.0,10260495.0,64437336.0,19280053.0,109874794.0,122415253.0,30462904.0,526257797.0,57583080.0
2014-12-10,15251776.0,138012230.0,28286004.0,556002171.0,21794020.0,150049403.0,94628932.0,16123793.0,4618530.0,26643813.0,2305396.0,20257429.0,17778146.0,40919204.0,67297780.0,5106666.0,4667749.0,43438039.0,1638481.0,65568456.0,6327489.0,999202.0,46510301.0,3792448.0,87121689.0,13307483.0,36170486.0,90084258.0,10556699.0,60894597.0,19773036.0,107645754.0,119946858.0,30055137.0,529695498.0,53047511.0
2015-01-12,22112676.0,136396630.0,34861586.0,553826829.0,27367273.0,148874046.0,94886006.0,15775483.0,5396358.0,54270024.0,2413347.0,19791858.0,19105313.0,42370195.0,59383528.0,5374464.0,5437278.0,48741572.0,1689253.0,72006770.0,6599224.0,1270231.0,54949424.0,6069756.0,89085481.0,14739974.0,39744362.0,142943630.0,12128320.0,64761938.0,20841243.0,115751863.0,118796401.0,34510517.0,531645002.0,54572423.0
2015-02-10,21212805.0,123660616.0,30388977.0,431035843.0,21261366.0,167871713.0,91513654.0,14713501.0,5006687.0,31453005.0,2441230.0,20475654.0,17748399.0,53653835.0,53780493.0,5052389.0,4776139.0,42037785.0,1700894.0,65440900.0,6434839.0,993910.0,49302617.0,3762647.0,81461761.0,13772095.0,37484253.0,130547177.0,11170282.0,63986442.0,20637055.0,112692439.0,117736931.0,29390774.0,469810261.0,63354588.0
2015-03-10,16986173.0,96752255.0,25758497.0,305844985.0,16536203.0,125708974.0,76599876.0,13331656.0,3915868.0,24457712.0,2214166.0,15390715.0,9272095.0,32482495.0,54794676.0,2833740.0,4120183.0,36887903.0,1189118.0,63309179.0,7451348.0,908215.0,43604201.0,2995226.0,71882408.0,10078420.0,30730335.0,93059672.0,9726358.0,49534958.0,15285088.0,76200067.0,83377305.0,23637543.0,363673978.0,49224779.0
2015-04-10,20873195.0,125405845.0,31472211.0,369993827.0,23014975.0,155271953.0,99426047.0,12381445.0,4909396.0,25035138.0,2280999.0,21782534.0,14543073.0,43175563.0,58786380.0,4871735.0,5508837.0,44655711.0,1861644.0,66363938.0,6715269.0,1083347.0,48147537.0,4177606.0,87616796.0,13593433.0,36748452.0,117805463.0,11363538.0,62217306.0,21342454.0,111444993.0,104203125.0,30223237.0,472477941.0,54548974.0
2015-05-11,16085599.0,117198600.0,32178706.0,387630526.0,21506481.0,152814886.0,99310094.0,11814985.0,4994562.0,22261372.0,2287847.0,20322410.0,15930996.0,38087831.0,59131170.0,4871851.0,5064158.0,44261763.0,1575030.0,63315513.0,6666312.0,1843010.0,44989075.0,3464780.0,80917942.0,13181077.0,38430563.0,119271596.0,11049903.0,56940941.0,21528545.0,109774153.0,107492054.0,27503807.0,405025449.0,52917960.0
2015-06-10,14067445.0,116649256.0,28997220.0,335747215.0,19958758.0,146177524.0,97960817.0,12125778.0,4876889.0,23166282.0,2426443.0,20146095.0,15326305.0,42202721.0,70161250.0,4823649.0,5177983.0,42811835.0,1595247.0,64223267.0,7666158.0,1068300.0,40437266.0,3337909.0,76823437.0,12978621.0,38957453.0,119904703.0,11152197.0,54451697.0,21340115.0,104516530.0,104368437.0,27882532.0,407487627.0,54142700.0
2015-07-13,14726978.0,115640496.0,29967556.0,348601213.0,20276565.0,136710159.0,92533174.0,12124986.0,5091334.0,22477821.0,2238036.0,20264393.0,15552390.0,44977845.0,67171991.0,4926430.0,5518060.0,43700957.0,1595906.0,64435006.0,7400179.0,887297.0,40323754.0,4388450.0,79175088.0,12655324.0,38967643.0,138758371.0,11144977.0,54105273.0,20699024.0,111995668.0,109310865.0,29517644.0,475122934.0,56987973.0
2015-08-10,16505696.0,116974087.0,31370348.0,344072339.0,21467489.0,159886248.0,88747099.0,12327418.0,5125164.0,18433316.0,2335983.0,19092809.0,15532948.0,44595368.0,51927319.0,4990966.0,5257317.0,42835267.0,1536836.0,65355597.0,7941588.0,669528.0,37937149.0,3596220.0,75167946.0,13459466.0,38214293.0,136828288.0,11754841.0,53762413.0,20156350.0,113881323.0,114596721.0,27278019.0,408426478.0,58028295.0
2015-09-10,14842833.0,126407560.0,28823711.0,326143527.0,19216279.0,147276095.0,82920737.0,13005486.0,4911992.0,20734347.0,2416107.0,19058574.0,14299008.0,33184960.0,50067517.0,4833201.0,5102598.0,41820803.0,1451786.0,66916267.0,7887757.0,724676.0,47749622.0,3653988.0,75432890.0,12974049.0,38731018.0,106316802.0,11222888.0,49699276.0,18198382.0,117832881.0,118636130.0,28061737.0,443290776.0,59927378.0
2015-10-12,16571758.0,138102648.0,27942012.0,498717626.0,18602453.0,145724155.0,84944974.0,13257662.0,5499113.0,23907576.0,2271800.0,19229322.0,14107860.0,37720771.0,49971337.0,4985349.0,5797643.0,43346140.0,1532415.0,61947007.0,7265043.0,1197687.0,46705789.0,4357743.0,77134028.0,13267189.0,39715544.0,144169825.0,10985964.0,47432018.0,19187562.0,128528729.0,131698891.0,29743588.0,614477113.0,58706088.0
2015-11-10,16475242.0,137262206.0,26710690.0,538359058.0,20017521.0,167297172.0,84707613.0,13853840.0,5411281.0,25358631.0,2423199.0,18882006.0,15737799.0,43218353.0,57338687.0,5320252.0,6084888.0,45148132.0,1637556.0,73919314.0,7644281.0,1184405.0,42699527.0,3692658.0,81342953.0,13149002.0,38654228.0,114152668.0,11101580.0,48397825.0,18886314.0,118655185.0,131936324.0,27739807.0,569197702.0,54576946.0
2015-12-10,15764586.0,128738912.0,23837846.0,553139825.0,18553303.0,146985034.0,81753954.0,12301638.0,5265368.0,25892600.0,2437286.0,17758798.0,15251190.0,42572136.0,51023464.0,5202463.0,5731101.0,40569253.0,1649621.0,61831978.0,6931725.0,1182878.0,43851560.0,3982260.0,82850021.0,12892170.0,38419358.0,104667398.0,11079247.0,46213358.0,18759434.0,124265727.0,125477119.0,26384535.0,529518220.0,50556008.0
2016-01-11,19481681.0,115856303.0,28095533.0,442516437.0,20796739.0,138287332.0,81792320.0,10497262.0,5690549.0,57081708.0,2636999.0,17424011.0,16100562.0,44846093.0,53055331.0,5800975.0,6171956.0,43865388.0,1951140.0,62509715.0,7071928.0,962468.0,49420942.0,5978035.0,81767536.0,13322083.0,41751454.0,156594616.0,13517239.0,48494522.0,20174719.0,128126920.0,112543560.0,30551806.0,530533509.0,51356150.0
2016-02-15,19021959.0,104517759.0,23140308.0,377062594.0,18919765.0,155476438.0,78980731.0,8759050.0,5556835.0,24832963.0,2805310.0,18640585.0,13039654.0,53689058.0,45602468.0,4675441.0,5759811.0,40902215.0,1538150.0,62049674.0,7158174.0,1024447.0,50693710.0,3651614.0,77050514.0,13284362.0,41177820.0,149389024.0,12905674.0,49227527.0,18271535.0,121524684.0,110103238.0,27495826.0,412720641.0,63225891.0
2016-03-10,16023176.0,78448866.0,19171545.0,311793336.0,14058084.0,124126981.0,67045568.0,8237322.0,4138444.0,17992036.0,2189019.0,15076898.0,7155371.0,30765459.0,42844825.0,3126024.0,4634818.0,34569865.0,1434290.0,57391198.0,7903281.0,821808.0,41357976.0,2925232.0,67179995.0,10000507.0,32414721.0,104554053.0,9983506.0,39729311.0,14485979.0,84808128.0,78501821.0,21514517.0,358863588.0,47105296.0
2016-04-11,23521891.0,96865105.0,25621545.0,378280620.0,20631433.0,158697988.0,93872674.0,8175546.0,5295125.0,25736321.0,2388865.0,21131747.0,14433039.0,44767025.0,46271804.0,5190577.0,6076755.0,43350694.0,1868389.0,57971103.0,6722859.0,1333660.0,54287685.0,4496652.0,73310587.0,14014690.0,39053332.0,151111619.0,11075035.0,55023736.0,19196829.0,116263743.0,108471373.0,28703853.0,473270048.0,54655395.0
2016-05-10,15558217.0,96732969.0,23893441.0,360591807.0,19321468.0,150078071.0,85897767.0,8664403.0,5396145.0,28344149.0,2286922.0,19328085.0,14383103.0,44314198.0,46291191.0,4879810.0,5817228.0,40842479.0,1737163.0,57846613.0,6959577.0,1051370.0,42007819.0,3460626.0,73843004.0,12988864.0,39340045.0,144419920.0,10657470.0,50999627.0,19065436.0,113159747.0,102527242.0,27764734.0,372014962.0,52309985.0
2016-06-13,16050273.0,97174583.0,25297552.0,334570674.0,19342179.0,161132903.0,84392342.0,9398111.0,5441455.0,27769721.0,2422510.0,20547442.0,14893160.0,44164421.0,53222851.0,5065382.0,5946327.0,40525273.0,1643880.0,60658865.0,7622433.0,953366.0,41128532.0,3668524.0,75646356.0,13347434.0,40585725.0,139051806.0,11735238.0,54414057.0,19700638.0,117855489.0,106022648.0,27944872.0,396052220.0,54984971.0
2016-07-11,16235201.0,99167897.0,25348227.0,342594305.0,19077346.0,170724478.0,83395310.0,9716978.0,5465593.0,29097180.0,2395926.0,19582757.0,14476318.0,48247651.0,52503870.0,4887944.0,5861683.0,41270315.0,2024216.0,60828049.0,7770787.0,1194340.0,46025846.0,4416340.0,75818895.0,13177766.0,41735243.0,149154957.0,11721546.0,53677945.0,19989922.0,122680692.0,108608223.0,29200047.0,468481489.0,56566076.0
2016-08-10,18124005.0,103153480.0,24321433.0,332046078.0,19127682.0,165405161.0,85914673.0,9421644.0,4996625.0,31072328.0,2409565.0,18724975.0,13987557.0,47242198.0,49452375.0,4925968.0,5426445.0,41281222.0,1813273.0,64197790.0,8167698.0,1639910.0,48238406.0,3586138.0,74456215.0,13335388.0,36873291.0,162436161.0,12015212.0,52618669.0,19144566.0,122144246.0,113361414.0,27349893.0,417877210.0,55355360.0
2016-09-12,18724500.0,112186932.0,27744593.0,354675130.0,19636322.0,187216720.0,85056880.0,10552552.0,5434782.0,23502156.0,2454532.0,18604558.0,14002975.0,37921106.0,45361853.0,5436411.0,5601997.0,42664870.0,1833696.0,63535213.0,7916429.0,1458549.0,47547822.0,3814176.0,77106413.0,13461757.0,38054252.0,152500378.0,11819025.0,55340537.0,19017181.0,132034393.0,121569395.0,27640148.0,459368603.0,59940193.0
2016-10-11,18586001.0,117208302.0,25827700.0,509790838.0,18870620.0,185322455.0,81659634.0,9354202.0,5094732.0,25075312.0,2304063.0,18818533.0,13501045.0,41094805.0,44217482.0,4990854.0,5762208.0,41554617.0,1911295.0,60358412.0,7460947.0,1104591.0,49743791.0,4154425.0,80610150.0,12747239.0,37397550.0,142299954.0,10754969.0,50466636.0,18814492.0,140398977.0,127379902.0,27879969.0,559265991.0,57026394.0
2016-11-10,13637753.0,122015821.0,25235125.0,512838889.0,19711924.0,181462124.0,85208197.0,9106532.0,4921597.0,23162890.0,2388826.0,17735732.0,15328704.0,46826885.0,51764657.0,4991425.0,5747789.0,41252737.0,2117869.0,60859314.0,7840899.0,785879.0,40470102.0,3864159.0,76001705.0,13138381.0,37242191.0,108710579.0,10980303.0,55046891.0,18153702.0,123274039.0,122560771.0,27678141.0,536867105.0,54268785.0
2016-12-12,17509366.0,122250516.0,25874653.0,524060069.0,21478550.0,183852615.0,91369757.0,9638968.0,5230932.0,22663004.0,2703175.0,18840224.0,15881114.0,45671931.0,51424537.0,5302154.0,6243758.0,40784651.0,2366915.0,64443600.0,6926889.0,869159.0,41922431.0,3831688.0,77725094.0,14237277.0,39038048.0,142728712.0,11093777.0,58236746.0,18531085.0,134270540.0,125941128.0,30214693.0,557769869.0,52060648.0
2017-01-10,24047082.0,127064522.0,29928440.0,489844788.0,23372249.0,166333849.0,95521099.0,8639165.0,5378832.0,40199824.0,2891935.0,19457467.0,17291802.0,45462611.0,60373639.0,5422268.0,6464320.0,45802993.0,2435017.0,66488340.0,7428704.0,818632.0,48714242.0,6439518.0,81648535.0,15671537.0,41522461.0,168455511.0,12804224.0,60357600.0,22114236.0,141235458.0,122780121.0,33769294.0,510045607.0,53273096.0
2017-02-10,22470407.0,106019993.0,23987482.0,382991339.0,20553438.0,158449368.0,88982658.0,8294569.0,5092682.0,17668127.0,2786330.0,17783505.0,11644158.0,52422112.0,64489481.0,3903674.0,5371836.0,37528503.0,2143555.0,68138936.0,7795057.0,1080066.0,64487945.0,3932100.0,70183471.0,13504740.0,38173331.0,158009498.0,11417592.0,56542827.0,18032093.0,109249967.0,101091889.0,26327388.0,425375349.0,57223839.0
2017-03-10,15254712.0,102743518.0,22137069.0,321553747.0,18950390.0,147993203.0,87400514.0,8707610.0,3994857.0,15904955.0,2521991.0,19266459.0,10016844.0,36560544.0,56690061.0,3969571.0,4781469.0,37675064.0,1994676.0,56904834.0,7360261.0,1650723.0,46288269.0,3662266.0,66055956.0,13084625.0,31255482.0,119911261.0,10192534.0,56582271.0,16821279.0,103950126.0,95731103.0,25087728.0,402966572.0,45467360.0
2017-04-10,22889486.0,115896226.0,28670699.0,379593303.0,22904002.0,174441486.0,96986213.0,8439795.0,5358868.0,22191267.0,2638562.0,22641522.0,15953849.0,45617671.0,54852622.0,4997033.0,6119773.0,43691585.0,2182921.0,64513793.0,7032025.0,1617370.0,53829124.0,4204471.0,73255854.0,14809336.0,39999531.0,156507446.0,11488460.0,69102918.0,22242109.0,126035953.0,111477594.0,30296752.0,475086492.0,53006219.0
2017-05-10,14372689.0,104997650.0,32090864.0,357469043.0,19786142.0,139729611.0,89958250.0,7183257.0,5134190.0,17966333.0,2587158.0,19701642.0,14968856.0,41811859.0,46060581.0,4868997.0,5464041.0,38850931.0,2139525.0,64542460.0,7182112.0,1243070.0,42079970.0,3784068.0,68855969.0,12860877.0,38704042.0,121176045.0,10898529.0,58717661.0,20636090.0,114681402.0,103025681.0,28362906.0,420820333.0,51128848.0
2017-06-12,17405119.0,108344245.0,26821791.0,319105868.0,21834285.0,157094161.0,90393668.0,8785000.0,5415291.0,18819383.0,2768447.0,20071025.0,15682473.0,41368005.0,54311023.0,4765912.0,6070599.0,39650957.0,2099914.0,69521628.0,8179007.0,1413816.0,46128818.0,3546896.0,72000842.0,14152242.0,39455371.0,154601372.0,11407124.0,63095091.0,20646314.0,119862342.0,106254326.0,29033761.0,447945453.0,53619595.0
2017-07-10,19978548.0,112094298.0,28621076.0,359368676.0,22593805.0,175317242.0,93471076.0,8596764.0,5209780.0,24959348.0,2742885.0,19958976.0,14423068.0,44976469.0,50017433.0,4987378.0,6078351.0,42097640.0,2154741.0,70183826.0,7895259.0,1563613.0,42336675.0,4803868.0,76449431.0,14545117.0,38529614.0,152521335.0,13782659.0,60168289.0,20376539.0,130196029.0,115312805.0,31601942.0,514406089.0,53914950.0
2017-08-10,20424500.0,114756088.0,27684875.0,360595870.0,22221241.0,160253318.0,93079239.0,9079191.0,4918658.0,24209150.0,2743382.0,19253617.0,14599291.0,44097646.0,51679781.0,5074795.0,5791466.0,41491895.0,2128997.0,73586838.0,8701238.0,1857177.0,49371677.0,4107325.0,72295856.0,13968474.0,37998994.0,164030361.0,11910868.0,61827427.0,21660437.0,133619273.0,119776507.0,30745046.0,489952959.0,55674597.0
2017-09-11,19721454.0,123766637.0,28484089.0,368192227.0,24448384.0,187284693.0,97699145.0,9969432.0,5427037.0,25028697.0,2931375.0,20062229.0,13864495.0,41968712.0,57335247.0,5478911.0,6256420.0,47305536.0,2238194.0,74616480.0,8583723.0,1965873.0,48179508.0,4209036.0,72637634.0,16378678.0,40756053.0,153759354.0,12345857.0,66809802.0,20852108.0,144424904.0,129981582.0,31665276.0,516493231.0,60542270.0
2017-10-11,21652177.0,125673216.0,32149355.0,511449075.0,24872463.0,184832730.0,97706096.0,9410108.0,5408804.0,22835547.0,2756388.0,19227826.0,15479426.0,43512040.0,56021856.0,5478038.0,6520190.0,46381095.0,2556814.0,68412135.0,7836129.0,1470394.0,48300944.0,4588311.0,78211014.0,17301794.0,40683589.0,166911702.0,11662831.0,65704020.0,27794989.0,152240294.0,140285802.0,32096005.0,618765797.0,59112158.0
2017-11-10,16576008.0,122396542.0,27470813.0,546585464.0,22808156.0,190617812.0,96491648.0,9920202.0,5046435.0,20368011.0,2927592.0,19108573.0,15538838.0,44007960.0,56289284.0,5397028.0,6435624.0,44876623.0,2429893.0,70021491.0,8716121.0,2099074.0,47361491.0,4460713.0,76073014.0,17271241.0,40792792.0,142979003.0,11607789.0,65146801.0,20558056.0,141992246.0,134362799.0,31137895.0,632106044.0,53794023.0
2017-12-11,18188596.0,124049012.0,28266878.0,632134934.0,23333203.0,187301218.0,101918127.0,10615856.0,5181824.0,31416745.0,3763492.0,19402433.0,18304045.0,48964423.0,58519223.0,5522392.0,6558751.0,44871374.0,2784626.0,68700275.0,7670609.0,1741678.0,49780376.0,4158589.0,81773676.0,15772301.0,43290365.0,156132941.0,11550309.0,65686935.0,21447075.0,151516826.0,143209687.0,33868770.0,605680629.0,52061914.0
2018-01-10,22780964.0,117575274.0,33898521.0,731647815.0,23797822.0,177768585.0,107629960.0,9969398.0,5258422.0,37961466.0,3634204.0,18800767.0,19734864.0,47367820.0,64867256.0,5778368.0,6692068.0,46080663.0,2770974.0,72683542.0,7993431.0,1503269.0,77652054.0,6123964.0,79776688.0,16608917.0,43844017.0,197785352.0,11972421.0,67432734.0,22858090.0,139952658.0,136268075.0,34909895.0,528334807.0,52669574.0
2018-02-12,24809759.0,107982111.0,28604814.0,451956251.0,24592953.0,169528224.0,107975196.0,8620224.0,6065916.0,23683949.0,3738513.0,20842230.0,17969058.0,54971870.0,73904155.0,5365207.0,6176435.0,44621580.0,2613941.0,69259953.0,7238290.0,2267667.0,69385954.0,4615323.0,70445734.0,16255675.0,39907375.0,198891911.0,12181359.0,72774433.0,32068206.0,142228224.0,129946690.0,31996301.0,522149199.0,62003892.0
2018-03-12,13059232.0,77956499.0,23007203.0,316104576.0,18528314.0,139282017.0,86373484.0,7969048.0,4162651.0,17791292.0,3424934.0,15246175.0,9091598.0,35593549.0,62717709.0,3124899.0,5273264.0,36688568.0,2051024.0,65518324.0,8607407.0,1349457.0,39377944.0,3389737.0,61909697.0,11631733.0,34352511.0,121615024.0,10536305.0,58946041.0,16321655.0,96944790.0,87376634.0,24347170.0,411474019.0,48149019.0
2018-04-10,22759757.0,95898456.0,29446601.0,394176704.0,25899750.0,198130357.0,110750252.0,9145361.0,5301029.0,36425110.0,3389809.0,22214460.0,17636323.0,48541630.0,58709609.0,5770002.0,6630887.0,44884480.0,2715900.0,68787652.0,8338574.0,1594893.0,53380293.0,4924502.0,68045122.0,17696326.0,44678193.0,157270606.0,12215960.0,75221724.0,23405894.0,140409913.0,115936804.0,32526396.0,511327437.0,54853637.0
2018-05-10,16540070.0,92601362.0,27871130.0,389495429.0,25699589.0,175533650.0,105041562.0,8526213.0,5582821.0,22221681.0,3223196.0,19846101.0,19711257.0,43724030.0,63642327.0,5293800.0,6195277.0,42515544.0,3027139.0,68802422.0,8617953.0,1058930.0,39621358.0,4056566.0,64975974.0,16463853.0,42296033.0,166993115.0,11751806.0,71260821.0,27193839.0,132935706.0,118575348.0,32283384.0,469613716.0,54265740.0
2018-06-11,19044584.0,98252346.0,30104585.0,396877520.0,25605728.0,210968590.0,110836443.0,9758868.0,5885625.0,23779775.0,3594338.0,21038358.0,20912858.0,48313838.0,71084094.0,5466339.0,7006541.0,46583809.0,2957551.0,71412268.0,8475990.0,2467764.0,47955066.0,4055282.0,71877489.0,17455820.0,45253280.0,160829540.0,13024019.0,76987214.0,23472218.0,145230085.0,129093184.0,32572608.0,497585080.0,58961456.0
2018-07-10,17414271.0,100745523.0,28526058.0,441189096.0,24844008.0,201519160.0,107175412.0,10026637.0,6225285.0,33662465.0,3230121.0,20335465.0,19791166.0,46783527.0,71546424.0,5314919.0,6985336.0,47068299.0,2880364.0,74993666.0,8647113.0,1715530.0,55675277.0,5586123.0,67570289.0,17457880.0,41872551.0,147017362.0,13801063.0,74455984.0,24847679.0,139311331.0,131601428.0,33557895.0,503774335.0,57634408.0
2018-08-10,18555560.0,107563901.0,31069156.0,445844700.0,24381011.0,209094018.0,106847204.0,9651479.0,6143396.0,28400456.0,3350592.0,20056692.0,19579855.0,49073448.0,67548991.0,5257778.0,6559797.0,48513748.0,3125146.0,79789585.0,8528329.0,1253834.0,48811053.0,4433868.0,66777354.0,17078085.0,42794047.0,190595471.0,13468185.0,76117802.0,23554064.0,149277047.0,146017182.0,32448081.0,524154908.0,59510938.0
2018-09-10,16508289.0,113771010.0,31006596.0,453661853.0,25346148.0,232630724.0,110877840.0,10129644.0,6445809.0,29802219.0,3534877.0,20578662.0,19369227.0,43191666.0,74779933.0,5594450.0,6978076.0,50604525.0,2940073.0,80034108.0,8881221.0,1306318.0,49733862.0,4429850.0,71592830.0,17563644.0,43977948.0,172848567.0,12535330.0,74813849.0,23625767.0,167233218.0,156419241.0,32631075.0,562021068.0,62869774.0
2018-10-11,17069509.0,118495570.0,28447878.0,645471509.0,25457171.0,237521225.0,107549148.0,9726374.0,6252873.0,32552025.0,3341745.0,19725347.0,19796880.0,39415858.0,73542711.0,5009672.0,7043247.0,51830607.0,2744720.0,77619214.0,8541282.0,861041.0,48175853.0,5374910.0,71966894.0,15560436.0,44883686.0,133035290.0,11588881.0,72362253.0,20375296.0,171831708.0,157170958.0,33083568.0,608665981.0,60107284.0
2018-11-12,12958586.0,128977736.0,31058138.0,649501813.0,25162551.0,240029705.0,108383844.0,10967146.0,6710742.0,32047434.0,3543189.0,19233377.0,21254538.0,45903489.0,72998391.0,5013553.0,7339735.0,49090549.0,3332229.0,78105862.0,8644674.0,587250.0,57056134.0,4685537.0,73702147.0,16656852.0,45709159.0,147006982.0,12016378.0,76759852.0,21151544.0,155315578.0,153795781.0,30294546.0,681467187.0,56164086.0
2018-12-10,18333347.0,117967631.0,31111151.0,656200339.0,23584737.0,228538840.0,101592133.0,10812636.0,6704794.0,30730333.0,4884694.0,19437610.0,20970915.0,46168026.0,68559890.0,5217916.0,7534206.0,46471816.0,2982251.0,80106835.0,7979262.0,857352.0,46978742.0,4455290.0,76985627.0,16299533.0,45791355.0,146011268.0,11220749.0,70626299.0,20742271.0,155929689.0,147913176.0,31592861.0,655281259.0,55261170.0
2019-01-10,19317992.0,115677237.0,37842957.0,666839833.0,22857937.0,217952074.0,99011112.0,9296409.0,6570963.0,43466110.0,4345718.0,18057443.0,19845281.0,46824244.0,64252865.0,4947617.0,7392955.0,46658909.0,3239147.0,83086047.0,8654856.0,905006.0,54778492.0,6611123.0,77321025.0,15886860.0,47383198.0,159701134.0,13732327.0,69079656.0,21280481.0,137042640.0,125636458.0,32248060.0,581094578.0,55129938.0
2019-02-11,24376491.0,104831382.0,27955276.0,458756727.0,24372097.0,198652541.0,100390913.0,10038732.0,7028591.0,23573522.0,4399432.0,20668878.0,19164929.0,52451933.0,66601809.0,4537631.0,7151440.0,48817689.0,3259721.0,80444510.0,8333622.0,1329136.0,59843617.0,5558732.0,70805758.0,16402654.0,48994100.0,196901957.0,14143723.0,75308358.0,20760189.0,142149722.0,128842343.0,28605934.0,541130847.0,67096019.0
2019-03-11,17271961.0,84461018.0,24608233.0,297183159.0,18262654.0,159339269.0,80536822.0,8425311.0,4389793.0,16695488.0,3650520.0,16121429.0,9031099.0,31564473.0,56176874.0,2627710.0,5763650.0,39914904.0,2107044.0,67906212.0,8648773.0,1603911.0,48265766.0,4258599.0,58789631.0,11694042.0,35882351.0,139261234.0,11554042.0,58464249.0,14652245.0,97543133.0,87967033.0,21261957.0,391962261.0,45892240.0
2019-04-10,21829822.0,102060500.0,31611607.0,419808641.0,24171506.0,199784196.0,99525613.0,8627471.0,6221461.0,29617520.0,4063964.0,21214447.0,20802415.0,46278323.0,59435183.0,4746081.0,7143918.0,50376953.0,2845441.0,75239531.0,8716514.0,1440152.0,52101465.0,5188450.0,70394320.0,15622393.0,47383637.0,163987893.0,12889606.0,73491479.0,21292136.0,130331928.0,121053828.0,29160844.0,526186935.0,56774017.0
2019-05-10,16769701.0,97452507.0,29236955.0,420618259.0,23647156.0,196484702.0,96841060.0,8554702.0,6801869.0,23807482.0,3888543.0,20890047.0,20806183.0,48742932.0,57267003.0,4688025.0,6903177.0,47449068.0,2964507.0,76885499.0,8173678.0,1298601.0,48348791.0,5517544.0,65953929.0,15660867.0,47223061.0,170145924.0,12671293.0,70709857.0,21899828.0,132907887.0,126540917.0,27599837.0,498423672.0,57595417.0
2019-06-10,17685248.0,101777740.0,30772882.0,428200612.0,22862289.0,205874476.0,94405540.0,9159088.0,6614549.0,24310602.0,4184260.0,20880012.0,21145402.0,47979474.0,62986153.0,4972590.0,7420463.0,51213469.0,2858164.0,78331930.0,9045503.0,704317.0,52167273.0,4757533.0,68327471.0,15465416.0,48474060.0,161079850.0,13274641.0,70519206.0,21139837.0,140040070.0,130940536.0,28406307.0,511329742.0,60517169.0
2019-07-10,18884029.0,100885113.0,30461707.0,442758375.0,21135145.0,212474943.0,88226850.0,9222243.0,6591051.0,24122021.0,4173529.0,19819176.0,18932272.0,47243137.0,60436770.0,4662321.0,7287728.0,47641949.0,2798131.0,79339425.0,8989360.0,1370111.0,42832441.0,5965200.0,69134756.0,15045466.0,47106699.0,93858552.0,13406327.0,62587686.0,17609971.0,133742192.0,132561123.0,28306495.0,535043639.0,60265139.0
2019-08-12,19209280.0,105126341.0,31611690.0,450153271.0,23061584.0,222528182.0,92585291.0,9563442.0,7041948.0,29335175.0,4202765.0,19713311.0,19885768.0,54122106.0,61875780.0,4965397.0,7159395.0,48985795.0,2967497.0,82175865.0,9012870.0,1618445.0,50846630.0,5841068.0,69272409.0,15567136.0,46162582.0,218417797.0,13749238.0,66992535.0,17631323.0,151474700.0,143480616.0,26993571.0,508756377.0,63029736.0
2019-09-10,18575133.0,109686908.0,31819145.0,452450679.0,21844570.0,252757059.0,89204139.0,9593489.0,6866710.0,22854949.0,4406803.0,20445416.0,19121906.0,41726132.0,58602907.0,4845158.0,7174867.0,48546704.0,2950925.0,82804168.0,8859408.0,1709165.0,53432543.0,5546888.0,71082485.0,15428561.0,48557074.0,182515210.0,13809011.0,66539727.0,16610658.0,158046728.0,149613321.0,26219823.0,525859183.0,66462910.0
2019-10-14,17859890.0,113105210.0,31838489.0,640846447.0,22408549.0,249617938.0,85415644.0,8496036.0,6986413.0,32080467.0,4187875.0,19607630.0,19214389.0,46705287.0,54040323.0,5209978.0,7356210.0,48235171.0,2824716.0,77430948.0,8558016.0,1078338.0,45223773.0,5889751.0,73014747.0,15158841.0,47041895.0,140968800.0,11825238.0,62090985.0,17595381.0,162918872.0,154499769.0,26817450.0,635927988.0,62524008.0
2019-11-11,17017951.0,108308399.0,29349427.0,651307021.0,22169438.0,252119410.0,86585609.0,9181657.0,6907820.0,27563850.0,4209990.0,18396576.0,20038762.0,49008993.0,56308879.0,5022259.0,7338815.0,46626294.0,2723043.0,79089116.0,8792812.0,1621075.0,55488110.0,5669115.0,69897538.0,15512237.0,47986977.0,159130061.0,12396873.0,61802603.0,17005639.0,164642621.0,155351693.0,25424603.0,623927820.0,59645646.0
2019-12-10,18420565.0,104870718.0,31230421.0,654999720.0,20800594.0,249933771.0,84921831.0,8765055.0,6786271.0,33062626.0,6809112.0,18538145.0,21727505.0,51966510.0,51291736.0,5050745.0,7990628.0,43969062.0,2897904.0,79055715.0,8439019.0,1621654.0,50877112.0,5406885.0,70878064.0,15888383.0,47599929.0,156077567.0,12039627.0,59478943.0,15722752.0,160934747.0,148292426.0,27488085.0,620486720.0,57538460.0
2020-01-10,22551949.0,99964753.0,36138239.0,586597875.0,20360643.0,246757041.0,85434430.0,7931195.0,7277533.0,38866651.0,5292272.0,17649595.0,22300871.0,51389483.0,59383839.0,5332121.0,10044430.0,45770624.0,3470397.0,81258176.0,8298310.0,1544410.0,62296302.0,7994540.0,73859627.0,17493386.0,49576555.0,201648237.0,12354133.0,64334885.0,18893709.0,155465178.0,137143569.0,31046872.0,596337035.0,58633532.0
2020-02-17,20368235.0,79391746.0,25750908.0,403583002.0,18748925.0,233577595.0,75495969.0,7638649.0,6544201.0,20829442.0,5045067.0,16068957.0,14136827.0,50293298.0,63100006.0,3191262.0,6614313.0,39083733.0,2413616.0,81529872.0,8993198.0,860047.0,57611468.0,5651809.0,62890785.0,12261161.0,45117670.0,209072948.0,12903089.0,54016884.0,13800387.0,128571593.0,113442844.0,23242422.0,436015815.0,63682514.0
2020-03-10,14574261.0,70733577.0,24983328.0,243482439.0,17503676.0,216890980.0,67952859.0,6761432.0,4808632.0,18047758.0,5096136.0,12644779.0,9122019.0,38180001.0,50487439.0,2461238.0,6273523.0,37472418.0,2390393.0,57785629.0,5835484.0,1200304.0,41523901.0,5441203.0,55297639.0,11007584.0,28582815.0,157596772.0,12282269.0,57022598.0,11926703.0,113645652.0,83461532.0,19555474.0,336800004.0,48412041.0
2020-04-10,11525585.0,94723749.0,31188938.0,387685428.0,21101130.0,263505294.0,77220651.0,6938826.0,5933866.0,21674807.0,5361958.0,17984279.0,16262956.0,45229562.0,38626864.0,4242411.0,7031174.0,41455115.0,2948755.0,58795927.0,4091278.0,290360.0,48467162.0,5577552.0,64586389.0,13989915.0,40289070.0,145774908.0,10611691.0,62556876.0,16309695.0,168677342.0,128994342.0,26865807.0,512748350.0,57031624.0
2020-05-11,15695249.0,97198069.0,30241450.0,422037437.0,18975355.0,240608863.0,69320564.0,5593603.0,5615575.0,30474524.0,4953033.0,14029428.0,18931118.0,43744382.0,25848268.0,4066141.0,7322142.0,31093842.0,3059400.0,56042071.0,3561586.0,2131031.0,36316677.0,5634018.0,63046363.0,14132757.0,38945934.0,167126159.0,12342378.0,54548720.0,19672063.0,155669176.0,140056101.0,25103635.0,538479468.0,56368796.0
2020-06-10,20976843.0,98503625.0,29898091.0,429311379.0,18154363.0,238311387.0,66929226.0,7993743.0,6386659.0,27989015.0,5675230.0,15363744.0,19213429.0,43126075.0,29605849.0,4142682.0,7471133.0,32595805.0,3188475.0,60153006.0,4568574.0,1544622.0,51668045.0,5535053.0,66109609.0,13151313.0,41993426.0,152834867.0,11740919.0,51700733.0,14956012.0,139631000.0,133421371.0,24988739.0,571135638.0,57920732.0
2020-07-10,18259002.0,103509559.0,29317095.0,409777341.0,21641255.0,270973208.0,72865623.0,8961412.0,7019628.0,39284866.0,5596173.0,16902771.0,18436089.0,49481229.0,36296956.0,4508796.0,7457904.0,37493820.0,3146161.0,60287126.0,4702372.0,2633509.0,47517823.0,6730812.0,69591143.0,14178204.0,44955537.0,173857844.0,11905843.0,54894985.0,16632727.0,149174395.0,134251621.0,27969171.0,598826729.0,60999449.0
2020-08-10,20353213.0,108018286.0,32176263.0,456102372.0,19606842.0,262297626.0,75864645.0,9121726.0,7749484.0,26821902.0,5282347.0,19058399.0,18792530.0,54894073.0,37925429.0,4793836.0,7818034.0,37923144.0,3296399.0,64520155.0,5530847.0,3665070.0,50859316.0,6053152.0,69888060.0,14895136.0,41115375.0,216025896.0,13941686.0,55967279.0,17097850.0,171196931.0,149053978.0,27933903.0,597017856.0,63162403.0
2020-09-10,17432880.0,110108055.0,32086396.0,474089507.0,18761270.0,291456650.0,74266236.0,9439813.0,7865696.0,27458554.0,5714779.0,19967226.0,18178900.0,43041804.0,34472455.0,5210956.0,7225879.0,40593797.0,4018907.0,68755207.0,6406440.0,1972912.0,48980519.0,5451081.0,73249570.0,15477025.0,40868872.0,182920550.0,12091387.0,58132053.0,15992312.0,163730437.0,151488740.0,27549454.0,590186549.0,65769982.0
2020-10-12,12569705.0,118010622.0,33740826.0,524557553.0,23214669.0,315429987.0,80197552.0,9886086.0,8109994.0,36774396.0,5277656.0,20148939.0,18815672.0,49657153.0,34471571.0,5437843.0,8820587.0,42593375.0,3565997.0,69767146.0,5692082.0,1252624.0,49198738.0,6234208.0,79485378.0,17125795.0,44951170.0,124178406.0,11128244.0,60295912.0,18218150.0,186533771.0,164615063.0,28887832.0,652158691.0,66428814.0
2020-11-10,15622808.0,110172083.0,30402864.0,664744200.0,20205429.0,299157104.0,84388704.0,10640914.0,7863648.0,30809577.0,5264340.0,19203881.0,19703782.0,51995410.0,33900039.0,5223468.0,8649226.0,40976770.0,3915187.0,74013259.0,5991689.0,1424282.0,50091890.0,5530196.0,72820147.0,16846729.0,44775419.0,136651999.0,11181108.0,61489906.0,16456856.0,168247120.0,159341023.0,28115671.0,637072340.0,60044519.0
2020-12-10,21706785.0,114649019.0,32936833.0,732895944.0,21311811.0,310587764.0,90887016.0,9567045.0,7472788.0,44017499.0,9582919.0,20157295.0,20781676.0,54365477.0,38049088.0,5610743.0,8476877.0,41024820.0,4063875.0,76132271.0,5716214.0,2904838.0,54743977.0,5679334.0,83423247.0,17313933.0,44689607.0,159566683.0,11918711.0,65662121.0,16495685.0,187097958.0,168190218.0,29808490.0,704405220.0,60048819.0
2021-01-11,21807990.0,123930333.0,36400393.0,765018781.0,21787706.0,303666704.0,98955441.0,9790521.0,8111637.0,50079291.0,6847451.0,21138270.0,21411429.0,54596916.0,45041044.0,5899061.0,9435713.0,46796123.0,4281847.0,86100641.0,6008877.0,2629258.0,59722466.0,7615078.0,89315278.0,19020410.0,50155306.0,178631111.0,12091404.0,70084412.0,19551077.0,186360598.0,166600047.0,36900688.0,669611764.0,61269632.0
2021-02-17,24142614.0,116183148.0,34867851.0,547135326.0,23024890.0,309435091.0,99210178.0,9023609.0,8156414.0,29186288.0,7067065.0,22422435.0,18033987.0,61849792.0,46974067.0,5102741.0,8244279.0,43577538.0,3944143.0,92751490.0,5676686.0,2591129.0,57150587.0,7038499.0,74448250.0,18636588.0,51096205.0,205469273.0,12961025.0,71507810.0,18560900.0,193779617.0,161651379.0,31129923.0,540165465.0,73472526.0
2021-03-10,15371351.0,101469429.0,27175694.0,436768729.0,17837088.0,274011185.0,86884517.0,8543247.0,6146681.0,19371553.0,5807509.0,17472266.0,9058675.0,40833916.0,45524937.0,3427336.0,6949313.0,38790619.0,2819896.0,89955270.0,5807193.0,1593641.0,45012843.0,5037019.0,66179936.0,14537335.0,43804780.0,153656912.0,11582768.0,65020886.0,13412948.0,144805217.0,123154151.0,24088784.0,431368664.0,51216750.0
2021-04-12,20135308.0,128426827.0,37732353.0,487384083.0,25602417.0,327738472.0,119194090.0,10026521.0,8425391.0,29744376.0,6491873.0,24390344.0,18943976.0,54704870.0,51661121.0,5995384.0,8313850.0,48406714.0,4025620.0,98560717.0,5453879.0,2357056.0,49819268.0,6835910.0,73275617.0,17872468.0,53920821.0,208718396.0,13711508.0,83348003.0,20931489.0,200141418.0,157752527.0,33922848.0,591085303.0,63091688.0
2021-05-10,15811428.0,124063813.0,37848978.0,545929164.0,24260696.0,309684074.0,119858034.0,9431609.0,8125620.0,30647526.0,6160857.0,21944001.0,19467245.0,52025758.0,51178639.0,6066554.0,7888492.0,44924308.0,3747020.0,98776824.0,5457266.0,3576672.0,53436177.0,6024631.0,69436937.0,17630701.0,48204927.0,173553780.0,12699701.0,82791962.0,21464639.0,194874153.0,157477948.0,32359282.0,558118156.0,64089122.0
2021-06-10,13547171.0,128808358.0,37224136.0,498398058.0,23384178.0,319950052.0,117162583.0,7802923.0,8104064.0,27770282.0,8506470.0,21231127.0,19377987.0,51934781.0,57252157.0,6313680.0,8643724.0,46191476.0,3591408.0,106701930.0,4577670.0,1444829.0,47649488.0,5554966.0,72750324.0,19787360.0,45514414.0,136091908.0,11672634.0,88449051.0,22800834.0,192436292.0,155027334.0,32035987.0,539671134.0,65086982.0
2021-07-12,18836659.0,132026984.0,37154913.0,447251193.0,23688663.0,365480156.0,115929975.0,8463632.0,7914231.0,37384794.0,8695453.0,20737185.0,17032017.0,50400766.0,49209635.0,6034777.0,8835331.0,46735058.0,3357822.0,114706399.0,3403229.0,3458482.0,41810072.0,6520117.0,74564625.0,18973922.0,48813825.0,186673586.0,13538016.0,90137114.0,24045516.0,199046971.0,156490239.0,34105598.0,588056458.0,66021738.0
2021-08-10,15626781.0,135152104.0,37126975.0,466579679.0,23935993.0,344199394.0,116981908.0,9336102.0,8357696.0,31041440.0,7555404.0,20602124.0,16446563.0,51233058.0,57894701.0,6420906.0,8573661.0,48661323.0,3378950.0,129908339.0,3871069.0,2503171.0,42402893.0,6580502.0,71745693.0,18349799.0,41889684.0,167453660.0,14045003.0,93796913.0,23310613.0,191675066.0,166701549.0,32906740.0,582745576.0,68763905.0
2021-09-10,16082024.0,132414836.0,38626865.0,450189239.0,23940943.0,365632352.0,119183133.0,9647828.0,7986704.0,27462755.0,7640118.0,19641460.0,17705599.0,47460784.0,57928068.0,6375185.0,8509605.0,46847445.0,3399147.0,144041120.0,4722451.0,2151283.0,49304603.0,7526515.0,73970380.0,17191855.0,34763363.0,172179787.0,13788776.0,92677066.0,21738130.0,211298890.0,173169398.0,32985357.0,585999812.0,68188511.0
2021-10-12,13729617.0,131511018.0,37062185.0,636913011.0,24131988.0,390667394.0,115218537.0,9521516.0,8069815.0,37894142.0,6908784.0,18737503.0,18945697.0,46128394.0,61470104.0,5818728.0,9396683.0,46319995.0,3820689.0,147366681.0,4677343.0,1366904.0,41357528.0,7285344.0,76781799.0,19109280.0,35829975.0,140391602.0,12403686.0,93752730.0,23398159.0,222824059.0,179265968.0,32495362.0,709834727.0,69232678.0
2021-11-10,15441061.0,120365374.0,38288817.0,601839067.0,24874332.0,358397483.0,122117041.0,9597008.0,8083621.0,32048660.0,7015412.0,18682987.0,20860429.0,45939718.0,65248826.0,5691328.0,8757183.0,48072248.0,4413050.0,155473787.0,5339286.0,1685576.0,48018624.0,6607006.0,79349949.0,18940183.0,40414903.0,127390760.0,12420145.0,95690413.0,22718465.0,188998619.0,175287617.0,31162208.0,683859492.0,65035903.0
2021-12-10,15555951.0,126561707.0,39662093.0,671661957.0,26182335.0,386903986.0,120928503.0,9311180.0,8378382.0,40348677.0,12612371.0,21458870.0,20738870.0,50328105.0,64156557.0,5794035.0,9497923.0,51065727.0,4304234.0,154931419.0,5558079.0,2589077.0,48549250.0,6395333.0,85605374.0,19686383.0,45534732.0,149911815.0,12620122.0,98169356.0,23334747.0,227660728.0,185773509.0,33636558.0,756527990.0,67669015.0
2022-01-10,20622497.0,133625016.0,47001395.0,772078276.0,26459467.0,393141588.0,117573229.0,9744760.0,9088256.0,52265599.0,8525440.0,18309130.0,22248155.0,51998775.0,66282225.0,6123732.0,9396209.0,53335355.0,5689140.0,161343963.0,6453798.0,2029642.0,56565418.0,8552898.0,89731085.0,20209581.0,51112637.0,194261505.0,12621734.0,90947997.0,26021300.0,234006984.0,189160844.0,37034663.0,778309850.0,67053068.0
2022-02-14,17762525.0,111516340.0,38669385.0,497351632.0,26625044.0,397448022.0,114822476.0,10295819.0,9364209.0,32590785.0,8789509.0,18605903.0,16747415.0,58923352.0,69319832.0,4785496.0,8632114.0,49673524.0,4004672.0,169686865.0,6051252.0,672557.0,55846744.0,6448675.0,78428817.0,18697761.0,55409046.0,187326368.0,12756030.0,89667912.0,22259672.0,226079346.0,173710447.0,32956217.0,614474538.0,78505976.0
2022-03-10,13190911.0,103310169.0,34905634.0,498805207.0,21790054.0,355535439.0,100521102.0,11359225.0,7177225.0,24458579.0,7365985.0,16436417.0,10528814.0,40168436.0,56463675.0,4741467.0,6978222.0,45604170.0,3535765.0,147499243.0,5442018.0,1438040.0,44976873.0,6095633.0,68348737.0,14689839.0,43025860.0,143743537.0,12106565.0,78529650.0,19559003.0,175047998.0,147018632.0,26366844.0,530531608.0,55239602.0
2022-04-11,15681251.0,123944464.0,43028350.0,560862264.0,29301171.0,422523738.0,128077992.0,11362308.0,8832465.0,42660442.0,7998228.0,21780388.0,19959347.0,53795694.0,73952415.0,5084081.0,9523801.0,56171061.0,4178158.0,163409574.0,5323732.0,1509753.0,58132526.0,6969156.0,81592568.0,20392480.0,54811338.0,159083467.0,13674804.0,101053292.0,26085020.0,240790435.0,181799156.0,35526447.0,705938937.0,69464546.0
2022-05-10,12093361.0,94279053.0,41637705.0,534632893.0,27303126.0,411115269.0,117300008.0,10140181.0,8824739.0,32129369.0,8056508.0,18385936.0,18805611.0,48757564.0,70141697.0,5085585.0,9343862.0,51997113.0,4354492.0,158505123.0,4479972.0,1104367.0,59232003.0,5962116.0,72840120.0,17603163.0,49086209.0,133075495.0,13054130.0,102481064.0,26402577.0,200309581.0,161804145.0,30190257.0,481508014.0,69362565.0
2022-06-10,11865649.0,97549791.0,41369917.0,552373986.0,26457718.0,429561996.0,119947054.0,11555430.0,9086243.0,29649916.0,9053064.0,19642020.0,17510737.0,44512001.0,89827962.0,5351753.0,9983912.0,53931755.0,4553636.0,159735757.0,4353295.0,1598633.0,37059412.0,6084936.0,80649781.0,18617189.0,52578043.0,105668542.0,13197888.0,97314380.0,27098493.0,207011610.0,177895669.0,31787016.0,566028797.0,69671698.0
2022-07-11,13362644.0,105181206.0,42158550.0,582217774.0,25970708.0,418173767.0,119127267.0,11109986.0,9420010.0,33300431.0,9306835.0,20247447.0,18719721.0,53442832.0,92972919.0,5046586.0,10770501.0,55879610.0,4590421.0,166745060.0,4737727.0,1114377.0,60837171.0,7821533.0,88074928.0,18814055.0,57967387.0,153461443.0,14200350.0,95944762.0,24912253.0,217812193.0,183640441.0,34548405.0,754520997.0,73073440.0
2022-08-10,14509138.0,100219281.0,43542833.0,532234785.0,25183041.0,409777320.0,103552400.0,11838934.0,8718566.0,27323642.0,8374723.0,19809698.0,19744899.0,57823273.0,81133231.0,4793293.0,9898181.0,55480739.0,3709505.0,167822837.0,5906182.0,1764899.0,48858575.0,6847550.0,85322663.0,17383080.0,55189633.0,124774414.0,16951602.0,85048501.0,23719951.0,195417065.0,183796982.0,31372945.0,646952400.0,75247608.0
2022-09-12,16784228.0,99126773.0,43899128.0,509579487.0,25679026.0,449462367.0,95823778.0,287092.0,8354664.0,27950133.0,9327312.0,20070566.0,19592228.0,49033481.0,87322596.0,4846113.0,9472641.0,54401248.0,4245398.0,157763948.0,6446099.0,1661529.0,57028861.0,7488746.0,87448042.0,18041298.0,56739201.0,112695169.0,16674815.0,82650316.0,23053912.0,209461919.0,192161578.0,30912740.0,663806984.0,79679774.0
2022-10-11,14844725.0,101497756.0,42826050.0,887914597.0,24876825.0,452285984.0,97453134.0,16614428.0,8154123.0,32612299.0,8700934.0,19714903.0,19340385.0,54022936.0,74073277.0,4749090.0,14415978.0,51706543.0,3965716.0,138039709.0,6150778.0,1633174.0,71385255.0,7292204.0,95606650.0,18000410.0,56141419.0,93236964.0,13351924.0,75042897.0,22049014.0,238044236.0,206105541.0,31711014.0,733330944.0,75398019.0
2022-11-10,14251124.0,99611934.0,40011486.0,840205197.0,25134469.0,421972962.0,94390944.0,12609818.0,8273116.0,34462944.0,8836736.0,18072507.0,20939529.0,54036982.0,74277085.0,4782679.0,11851527.0,48803762.0,4085147.0,129626050.0,6476689.0,1157001.0,54882105.0,6750795.0,94189772.0,18072879.0,56638763.0,60493547.0,14416905.0,76319220.0,21697071.0,217695738.0,196399144.0,31443422.0,656305378.0,71272357.0
2022-12-12,12718061.0,98573805.0,41485964.0,615247996.0,24539043.0,429488317.0,89323815.0,14827255.0,7786679.0,34351826.0,15665623.0,17028316.0,20085904.0,55114430.0,66982414.0,4872720.0,11611006.0,46566539.0,4462737.0,111994290.0,6284476.0,2005351.0,35758497.0,6849368.0,99592235.0,17567446.0,52251809.0,40673744.0,14479970.0,74056846.0,22523527.0,193530338.0,188154893.0,32250889.0,654404441.0,70258488.0
2023-01-10,14357808.0,89632140.0,48907246.0,692382268.0,22955027.0,389098461.0,90458202.0,12298037.0,8352496.0,43657828.0,10874944.0,15860054.0,22980561.0,55693873.0,67668155.0,5006369.0,11314705.0,45550463.0,4889290.0,104201707.0,7232494.0,1620593.0,51413187.0,8788493.0,98756555.0,17665436.0,50113449.0,61989246.0,18387078.0,72907370.0,22557142.0,212389963.0,174598754.0,33529125.0,633336968.0,76637745.0
2023-02-10,17095337.0,69514468.0,37487584.0,711034036.0,20673916.0,358747253.0,76247361.0,10782350.0,6950938.0,25468461.0,9840746.0,14045590.0,13566094.0,51325133.0,65386648.0,3357651.0,11188303.0,41975296.0,3561266.0,95984443.0,8443987.0,1480578.0,68937901.0,7312389.0,83114042.0,12938188.0,50061581.0,103923504.0,15450445.0,63981155.0,21979834.0,169576359.0,149216938.0,26743179.0,518000285.0,73689515.0
2023-03-10,11940218.0,72367621.0,39051058.0,451186253.0,22586138.0,326098028.0,87758582.0,11181644.0,6435257.0,28316032.0,8948030.0,17083224.0,15296694.0,52404020.0,67479407.0,3984877.0,9787401.0,43479824.0,4051335.0,79755303.0,6989191.0,1580565.0,31957677.0,6951323.0,82396674.0,16121794.0,42671724.0,72827214.0,14814805.0,73302671.0,24824796.0,150913840.0,143150758.0,28930047.0,508481275.0,65414245.0
2023-04-12,18490496.0,85661857.0,42409840.0,457151978.0,24937833.0,340341820.0,96203149.0,11531299.0,7736270.0,32913722.0,9694823.0,19575046.0,22149307.0,63734544.0,65404725.0,5190705.0,11818270.0,49220649.0,4504044.0,95696161.0,7164885.0,2159144.0,53104380.0,7013646.0,89941344.0,18296814.0,51600825.0,97246114.0,16053378.0,85415906.0,27029262.0,185967496.0,162190641.0,35376565.0,635794432.0,73831073.0
2023-05-10,14299027.0,84095356.0,40241197.0,481204224.0,23584477.0,326040740.0,84444458.0,10944580.0,7308387.0,22714841.0,9184758.0,17349607.0,18301368.0,56673942.0,52464854.0,5056430.0,10555119.0,41932127.0,4909783.0,91108746.0,7742322.0,1410223.0,39750678.0,6974730.0,82055647.0,16222934.0,47365646.0,93534522.0,14840742.0,77123720.0,24606135.0,170865036.0,149471195.0,31150293.0,524884173.0,70681747.0
2023-06-12,13589989.0,89835785.0,45135986.0,506213630.0,23488476.0,362053040.0,84412966.0,12177604.0,7623857.0,27949223.0,10222843.0,17403148.0,19057802.0,61710563.0,62303317.0,5009987.0,10802817.0,46425262.0,4985999.0,92982610.0,8037548.0,1905130.0,47985982.0,7163066.0,85834150.0,16815805.0,49253100.0,102476090.0,15600254.0,78732856.0,26446962.0,176654633.0,157379703.0,33339050.0,535307535.0,74939480.0
2023-07-10,20136421.0,90472840.0,44264362.0,475777247.0,24944347.0,351511980.0,80060038.0,10848473.0,7675586.0,28267671.0,10553953.0,17065762.0,17510178.0,59171911.0,58203236.0,4717420.0,10867020.0,48443708.0,6291566.0,97920496.0,8260558.0,2704417.0,58681882.0,7402848.0,87997984.0,15907534.0,47874931.0,163815884.0,18753251.0,74695145.0,24608886.0,188746298.0,156112765.0,36453589.0,588680019.0,75181110.0
2023-08-10,20666316.0,90265675.0,44241936.0,522117822.0,22284880.0,364676965.0,85200187.0,10577043.0,7752693.0,31130109.0,9724933.0,17089040.0,17819643.0,62598369.0,57941938.0,5011531.0,10987740.0,47374386.0,4632988.0,98853275.0,8962827.0,2953250.0,57882348.0,7084758.0,82764184.0,15250940.0,45795257.0,146372071.0,17700447.0,69757683.0,23816742.0,196842894.0,166691507.0,33515911.0,548260231.0,82156844.0
2023-09-11,15737046.0,96577594.0,46746112.0,466109306.0,24618038.0,393091560.0,93116354.0,9281939.0,8454033.0,41053803.0,9939347.0,18213849.0,17837707.0,57665905.0,73426674.0,5495122.0,11052422.0,49144074.0,5826699.0,101561990.0,8962763.0,2411672.0,57236607.0,7160786.0,86833388.0,16637306.0,47061185.0,101759263.0,15873353.0,76056788.0,23052390.0,209940392.0,176529120.0,33782820.0,592974585.0,88744346.0
2023-10-11,15106550.0,98165770.0,46374083.0,724521825.0,24667475.0,382691981.0,92474559.0,12749864.0,8554002.0,35592865.0,9355780.0,17881210.0,17343097.0,58095356.0,75182916.0,5155121.0,10313875.0,48337026.0,5255316.0,96936102.0,8555487.0,1575215.0,55992044.0,7794583.0,91142972.0,16911993.0,44705754.0,85529240.0,15263939.0,73210285.0,25251589.0,230965143.0,183348979.0,33227647.0,657078159.0,82840261.0
2023-11-10,11845896.0,92942668.0,46089408.0,798304333.0,23380806.0,452271052.0,89651657.0,12884404.0,8277133.0,36950189.0,9381402.0,17109668.0,18163978.0,59168488.0,69417013.0,5210970.0,11401122.0,46895899.0,5261137.0,98370306.0,9180245.0,1217817.0,49954836.0,7975093.0,90694145.0,17505116.0,45878637.0,96104745.0,14717916.0,72283146.0,22756991.0,226653817.0,180469650.0,31753008.0,640380648.0,77167044.0
2023-12-11,13650633.0,89864240.0,45694593.0,708240913.0,23765023.0,414358743.0,87980477.0,13549959.0,8335688.0,40131181.0,16541681.0,17300175.0,18002077.0,59703423.0,60202488.0,5197342.0,11896605.0,45029514.0,6317042.0,96612323.0,8283550.0,2534972.0,38032918.0,8209563.0,99174609.0,17204626.0,46636571.0,66635986.0,15460889.0,72370548.0,23535990.0,230442502.0,178426256.0,34388772.0,629116262.0,76944088.0
2024-01-10,16993762.0,89788734.0,50648766.0,513558127.0,23733001.0,377558258.0,86053902.0,10324150.0,8243377.0,58057662.0,11190811.0,15620040.0,18083642.0,59609143.0,60178829.0,5093972.0,11877057.0,47713722.0,8422340.0,99946546.0,8579709.0,2563676.0,45787498.0,10271093.0,96855594.0,17469301.0,47639999.0,92294808.0,14498547.0,73030871.0,22631124.0,216825306.0,163339993.0,40082557.0,556410936.0,78760302.0
2024-02-15,20674293.0,83125177.0,48405076.0,573420271.0,26061111.0,416852164.0,88972917.0,9687410.0,8842810.0,28040247.0,11095938.0,17900702.0,15756468.0,70376116.0,61353016.0,5184616.0,12060099.0,51148503.0,4986602.0,107794746.0,8241349.0,2535670.0,65082892.0,8829318.0,85693378.0,17638016.0,48327797.0,157253083.0,18293112.0,77173549.0,22011720.0,244420264.0,169955836.0,33297104.0,541243163.0,89678786.0
2024-03-11,18015901.0,71627582.0,40633739.0,392199255.0,19442241.0,358401132.0,71466099.0,8633358.0,6345088.0,21272649.0,9577552.0,14583732.0,9765507.0,47281377.0,61601879.0,3087685.0,9546103.0,41862833.0,3808877.0,106043765.0,8767895.0,2697748.0,51853986.0,7403675.0,80445544.0,12629717.0,39495510.0,133280712.0,15090768.0,65424510.0,18596105.0,178308597.0,129581522.0,27299932.0,493551773.0,70399658.0
2024-04-10,19632688.0,91175339.0,50454541.0,498902026.0,24933352.0,405760801.0,91204294.0,9582377.0,8261535.0,33771047.0,10618779.0,18770190.0,22142253.0,63004680.0,62681163.0,4747303.0,11118936.0,50089801.0,5599258.0,112914845.0,8522492.0,3342504.0,58055343.0,9556816.0,89645521.0,17418680.0,49911711.0,143076203.0,16942914.0,77707438.0,24363755.0,244277310.0,162936815.0,35582929.0,619366422.0,78924397.0
2024-05-10,16211191.0,92810744.0,48219319.0,563888623.0,25514035.0,439626176.0,93929246.0,10666410.0,8253334.0,30784554.0,9674563.0,18121664.0,19313682.0,60867694.0,55740516.0,4786899.0,12625108.0,47335006.0,5658200.0,113477153.0,8233800.0,2377525.0,57916266.0,7339367.0,87092051.0,17086115.0,49654247.0,117933105.0,15597291.0,77025778.0,25103326.0,256771782.0,169614591.0,35090093.0,596196899.0,78816171.0
2024-06-11,15629777.0,93736728.0,51324109.0,605254011.0,26349930.0,437851119.0,98046258.0,10684331.0,8580317.0,40982105.0,10651770.0,18640225.0,22463985.0,67316849.0,68173351.0,4923872.0,13003683.0,51769903.0,5908534.0,117713649.0,8555361.0,2775627.0,48446957.0,8257888.0,90636790.0,18135751.0,57348687.0,111370218.0,16429922.0,77216497.0,25770662.0,251752079.0,173622711.0,34941120.0,616108719.0,82032519.0
2024-07-10,21032439.0,97134271.0,49748425.0,546844541.0,23937854.0,416293020.0,93544055.0,10843879.0,8286157.0,40305900.0,11291155.0,18369928.0,22381568.0,64652501.0,60594167.0,4674247.0,12167890.0,49791758.0,7104138.0,140538025.0,8910135.0,3444858.0,52048113.0,8504551.0,92798031.0,16731071.0,54787894.0,142608569.0,19286176.0,72849730.0,27109972.0,259074979.0,170077786.0,36686615.0,646693203.0,81270692.0
2024-08-12,18482440.0,97735381.0,51734251.0,633031599.0,26112568.0,477276950.0,92961402.0,10691787.0,8791308.0,40324932.0,10483522.0,19340489.0,23032782.0,65264965.0,64415364.0,4546229.0,13822436.0,51007248.0,7460932.0,162681440.0,9035330.0,3097991.0,59974875.0,8174490.0,88309690.0,17002193.0,56256075.0,202017260.0,19454603.0,70898344.0,25485358.0,271405489.0,185902639.0,34263860.0,663416135.0,86928033.0
2024-09-10,12175482.0,104594126.0,52946491.0,605698854.0,27445137.0,469543412.0,89868088.0,11094482.0,8957835.0,37991199.0,10859714.0,19397634.0,21727182.0,54799543.0,63836355.0,4603388.0,12857947.0,54686089.0,6454227.0,161101466.0,9189563.0,2778086.0,38881546.0,7858012.0,89203436.0,17354531.0,57401352.0,93212863.0,17482647.0,71450018.0,23676314.0,269350418.0,192499954.0,33675251.0,702671564.0,90753959.0
2024-10-11,14661966.0,101087770.0,50676701.0,794319569.0,24313344.0,472417106.0,85321400.0,15559638.0,8273249.0,37203617.0,9991688.0,25028898.0,21695760.0,58163029.0,57361671.0,4296344.0,14264722.0,50192554.0,5997360.0,137242203.0,8959074.0,2338936.0,48694952.0,9259619.0,92744261.0,18574214.0,52606444.0,121048780.0,16094152.0,66625230.0,23263285.0,306591330.0,191177891.0,33227807.0,760203009.0,85935959.0
2024-11-11,14647906.0,91399437.0,48518162.0,862766642.0,26161731.0,537452946.0,84523254.0,13705262.0,8594375.0,61315735.0,9990395.0,18153770.0,24711421.0,58399781.0,49504077.0,4800202.0,14829815.0,51507373.0,8509442.0,134810202.0,8735246.0,2380319.0,58403933.0,8592981.0,94575715.0,17280936.0,55742362.0,120025095.0,15433575.0,69281863.0,23188362.0,278311438.0,193091075.0,32734835.0,746833008.0,81513069.0
2024-12-10,18735163.0,96031259.0,48577649.0,734567669.0,26206732.0,490139562.0,88549201.0,13455002.0,8186856.0,43465633.0,17995799.0,17095851.0,25718167.0,60976891.0,55503908.0,5058872.0,13309699.0,47937984.0,8960628.0,129646123.0,9421199.0,2412676.0,58126217.0,9827827.0,104094673.0,17543352.0,55488805.0,133073743.0,15479620.0,70754735.0,27314457.0,243158951.0,189036249.0,34736457.0,736492479.0,80018996.0
2025-01-10,16867841.0,97894728.0,55898340.0,720480726.0,26485255.0,489449281.0,88437492.0,11406497.0,8578404.0,57072280.0,12267278.0,17056654.0,25829654.0,60878399.0,56651936.0,5273960.0,15319298.0,55321899.0,10658074.0,136328764.0,9650523.0,2641218.0,62007377.0,10882215.0,110575523.0,19099786.0,56486456.0,144298413.0,16642039.0,73994304.0,23253445.0,291702753.0,186287722.0,38688460.0,731805019.0,81251468.0
2025-02-10,17976423.0,88584420.0,43753135.0,596531025.0,24367325.0,508312267.0,76575861.0,12222053.0,8191222.0,25539701.0,11461027.0,16960902.0,20036404.0,62585584.0,63571526.0,4115602.0,13756200.0,48518803.0,7741414.0,140000312.0,10679570.0,2189071.0,57930467.0,9315043.0,91547348.0,14506646.0,58391163.0,162448311.0,17858317.0,66092482.0,22254110.0,239983271.0,177615913.0,33375554.0,660374705.0,94541115.0
2025-03-10,16621305.0,87937014.0,43491637.0,605357097.0,23705580.0,466683281.0,84090281.0,10790296.0,7164584.0,27608369.0,10535916.0,17108860.0,14888263.0,54085707.0,59094305.0,3936854.0,12198533.0,44709046.0,6586936.0,114997706.0,8927492.0,2301037.0,46321457.0,9591013.0,89834746.0,14958676.0,48765512.0,162653709.0,16616470.0,70636040.0,23899843.0,240338436.0,171753439.0,30436246.0,688719508.0,71270944.0
2025-04-10,15392617.0,97113251.0,50174832.0,616250243.0,26643363.0,524113164.0,89626728.0,11144340.0,8726296.0,33622638.0,11397820.0,19037112.0,22266520.0,61212116.0,63143691.0,4755831.0,14671390.0,50500171.0,7846753.0,120284346.0,9641886.0,1932218.0,59190901.0,9545521.0,100034761.0,17494302.0,58883109.0,147578328.0,16997180.0,75815047.0,25623930.0,307467762.0,194930133.0,37034637.0,891189430.0,82387980.0
2025-05-12,11600344.0,95545755.0,48044054.0,704792626.0,26439116.0,573810228.0,84710389.0,10078937.0,7981118.0,28636396.0,10590168.0,18332093.0,21037121.0,59845872.0,50746894.0,4868782.0,15589341.0,45601600.0,8346505.0,114846612.0,9194055.0,1960803.0,56395521.0,9518492.0,98280428.0,16628752.0,57147645.0,66701927.0,17023929.0,76499437.0,27965528.0,319086501.0,196533011.0,36309274.0,807077022.0,83019741.0
2025-06-10,4959342.0,94554963.0,47166869.0,680723189.0,24065986.0,535373456.0,78826676.0,11702788.0,7661971.0,32452077.0,10984700.0,17811489.0,20939298.0,59285224.0,49693758.0,4470360.0,13435548.0,45199262.0,8077545.0,116595671.0,9865819.0,2560927.0,69953123.0,9939026.0,97590990.0,16043343.0,53975039.0,79761004.0,16044020.0,72304328.0,25651018.0,249138793.0,188148110.0,35474057.0,895137684.0,84032604.0
2025-07-10,6068478.0,92194957.0,46657907.0,603895914.0,24297178.0,491588359.0,77921852.0,8422090.0,7490825.0,41263870.0,11621070.0,16328796.0,17976617.0,54469130.0,57332176.0,4468604.0,13952922.0,45283139.0,11970880.0,116998363.0,9337755.0,3124233.0,37375852.0,11024806.0,106358689.0,15799706.0,52655439.0,131164053.0,20608397.0,66498897.0,23025605.0,247336066.0,195237614.0,37283391.0,935033865.0,81950726.0
2025-08-11,17591060.0,92173967.0,46266763.0,681118582.0,23852420.0,541616266.0,77078935.0,8398632.0,7802281.0,36852686.0,10442363.0,16821718.0,21115445.0,60788598.0,60138354.0,4687671.0,15044333.0,42974986.0,8334577.0,123444784.0,9270390.0,3274967.0,52428575.0,9873771.0,103105646.0,15661050.0,51284837.0,145916721.0,18901972.0,63355296.0,23544842.0,273376068.0,199837853.0,35384871.0,849267943.0,82961036.0
2025-09-10,19048802.0,97178087.0,46278591.0,673553295.0,24498084.0,561501232.0,74002749.0,8379695.0,7553550.0,40499026.0,11051846.0,16738097.0,19664182.0,57046975.0,58323997.0,4483170.0,13117066.0,49215046.0,8858492.0,119918959.0,9728123.0,4079819.0,39853093.0,10181476.0,105671686.0,16015025.0,51558123.0,207557603.0,18366830.0,63918089.0,21143469.0,279644552.0,205602998.0,36889814.0,835239847.0,88653826.0
2025-10-13,20844846.0,97972711.0,48487090.0,917129175.0,23474659.0,578189282.0,78010670.0,16800227.0,7789240.0,37435366.0,10619997.0,16980626.0,21593952.0,55875654.0,56223470.0,4729746.0,14680803.0,48254354.0,16180036.0,111021683.0,8937284.0,3448461.0,58621237.0,11838246.0,112783713.0,16476317.0,51378764.0,167552301.0,17177616.0,65401651.0,23424739.0,334036790.0,230319209.0,37604427.0,996485309.0,87245937.0
2025-11-10,18772152.0,89121002.0,43870217.0,968220746.0,24103911.0,610467784.0,73552058.0,12964336.0,7722771.0,41589684.0,10458733.0,15786194.0,21600338.0,60688278.0,48146613.0,4635648.0,16634143.0,46997876.0,10476728.0,113132434.0,10091234.0,4434391.0,50034477.0,10565370.0,110883092.0,16790564.0,54228907.0,198846742.0,18047713.0,64131737.0,22481152.0,319893337.0,222133314.0,35497922.0,931688014.0,80959021.0
2025-12-10,18868205.0,91647117.0,45442904.0,917924005.0,23654128.0,583574182.0,72477684.0,11233343.0,7670984.0,57370923.0,17321010.0,15606540.0,20784123.0,59271397.0,50659578.0,4614020.0,14419120.0,46301086.0,9407396.0,113304919.0,9759144.0,2620104.0,41404695.0,9767870.0,116092836.0,16513962.0,54437642.0,192607003.0,17043997.0,61181574.0,21750978.0,316529368.0,212366958.0,37385622.0,1043357163.0,79066874.0
2026-01-12,1690666.0,100207685.0,42330660.0,932284835.0,20472654.0,583411861.0,16658415.0,10810888.0,6032935.0,57797320.0,1777457.0,11732726.0,15244848.0,23168875.0,3946366.0,4377594.0,11578178.0,24224261.0,10153143.0,96495097.0,8046054.0,3737919.0,910392.0,11628250.0,65888905.0,7882882.0,26533030.0,40694425.0,15879933.0,35907339.0,22105940.0,219295564.0,167915039.0,29734791.0,1123104059.0,21202620.0
